time_s,source_pressure_pa,water_reference_transmission_pa,skin_sample_transmission_pa,skin_sample_pulse_echo_pa
0.0,-3.288750973294648e-27,-0.0006307748569187232,-8.30705061221587e-05,0.00033705994043478534
2.25705329153605e-08,-2.393162575497288e-13,0.0021164954279219014,-0.0011199651711374134,0.0006519529004877046
4.5141065830721e-08,-6.426887063158173e-13,0.0007817099797504776,-0.0008236880063963839,0.0005011124704689083
6.771159874608151e-08,-1.2552432279262793e-12,-0.0008523525231380731,0.0019134612760398349,-0.00029792258816186405
9.0282131661442e-08,-2.1077068708969e-12,-0.00014596676204416524,0.000644567074139851,0.0011761846107011243
1.128526645768025e-07,-3.1951799666486627e-12,-0.0004640650422603883,-0.00043469147268659783,-0.00012663659379769413
1.3542319749216302e-07,-4.4463673706168215e-12,-0.0009171166066335551,-0.00029734638317054074,-0.0008881234223661719
1.5799373040752352e-07,-5.682947600806365e-12,0.0003996718515973395,0.0012638846393296333,-0.000666367228253805
1.80564263322884e-07,-6.571034245407267e-12,0.0012727602653712486,0.0015171261048171358,0.0022396352907793973
2.031347962382445e-07,-6.570376004325009e-12,-0.0006698108907198851,-0.0010167436601263584,-0.0017496206439146234
2.25705329153605e-07,-4.892279944821557e-12,-0.00032143864938455634,0.0006000420032742515,0.00075651594810874
2.482758620689655e-07,-4.842253626821661e-13,0.0008453610844414412,-0.00013841660364274512,-0.000338565162459854
2.7084639498432604e-07,7.932654657495479e-12,0.0007197177289574702,0.0017698260065846022,-0.0016487185021626513
2.9341692789968654e-07,2.173866878260662e-11,0.00016975866520157793,-0.0017022970496824391,0.0010856701623436062
3.1598746081504703e-07,4.2162076794140346e-11,-0.0013043076565640288,0.0003724088799124723,-0.0013363039782409902
3.3855799373040753e-07,6.985403473573648e-11,0.0007911579154642438,-0.0007838899256473789,-0.0005818730822073206
3.61128526645768e-07,1.0425617829188668e-10,-0.0005960281421078747,0.000831598767006288,0.0006986934767587932
3.836990595611285e-07,1.427464791454177e-10,-0.0026693605372472866,-0.0003548498446964321,0.0010186117398935685
4.06269592476489e-07,1.795905307043993e-10,0.000570783819075406,0.0012127813010959967,-0.0002489380223591647
4.288401253918495e-07,2.047924826735532e-10,-0.0007719301822010689,0.0010912232054436344,-0.001078203277718151
4.5141065830721e-07,2.0303592893956665e-10,-0.0012901457160971372,0.0013487207197809062,-0.00017789533354605955
4.7398119122257055e-07,1.5302939395786307e-10,0.0015968619486706683,-0.0006598430705843862,0.001297165051644047
4.96551724137931e-07,2.7715729518812923e-11,-0.00013648485581389033,-0.00034171121005188395,-0.0003574065387622073
5.191222570532915e-07,-2.040486928003098e-10,9.008867348542034e-05,-0.0006261440096072376,-0.0001854123157878862
5.416927899686521e-07,-5.73622779198094e-10,5.247100123829542e-05,-0.0011795431470695565,-0.0005673585175069896
5.642633228840126e-07,-1.1057574304242463e-09,0.00043810475504156636,-0.0022322748293578613,-0.0006151348732747258
5.868338557993731e-07,-1.808165312047081e-09,0.0001308827950818766,-0.0012169039665781928,2.136908608597063e-05
6.094043887147336e-07,-2.6571547763404126e-09,-0.00013045586620222255,-0.00018671194118839832,-0.0024226971028485683
6.319749216300941e-07,-3.5796281159573383e-09,0.0007859165898544635,0.0006977615362300569,0.0006218553935115023
6.545454545454546e-07,-4.432748340809937e-09,0.0005657129337842206,0.0012676228690422767,0.0012082978630524811
6.771159874608151e-07,-4.9839958247099335e-09,0.0013273072326235819,0.0023329771838444483,-0.000815330667995553
6.996865203761756e-07,-4.896140196324437e-09,0.0011969217818399013,0.0008031214093190262,0.0010575416413525546
7.22257053291536e-07,-3.7237160150731238e-09,-0.0005682306910085573,-0.001958115698921779,-0.0007959097657586413
7.448275862068965e-07,-9.296450457940411e-10,0.00023585148922882485,-0.0012089505492717406,-0.0025084452144679423
7.67398119122257e-07,4.06774835258052e-09,0.0004216719501497177,-0.00021679590334691123,0.0004801192086075961
7.899686520376175e-07,1.1806561535660436e-08,-0.0027624580926815757,0.00029672279840778343,0.0003445187460168736
8.12539184952978e-07,2.2642583002508103e-08,-0.000791049538589911,8.548376853978432e-05,-0.0009260986225769757
8.351097178683385e-07,3.655480734107407e-08,-0.0008388920221037451,0.00032701508057470977,-0.0004450528232080038
8.57680250783699e-07,5.289794066341624e-08,0.0008872007988969992,1.9137632277338786e-05,0.0006888278252056516
8.802507836990595e-07,7.011706686935033e-08,-0.0006564007946882172,-0.0014382204990006594,-6.195482259393078e-05
9.0282131661442e-07,8.545681524947959e-08,-0.002155618937722122,0.0016337059996610296,-0.0012108318086312979
9.253918495297806e-07,9.471874479796655e-08,0.0020512044071412153,0.0005722106322651249,0.00039776424129755127
9.479623824451411e-07,9.214452442381555e-08,5.043584047266928e-05,-0.0018250893218644962,0.000689080630744592
9.705329153605016e-07,7.052560051543322e-08,0.0007708082858204296,0.0005167484680629778,-0.0006669453356319031
9.93103448275862e-07,2.1657396617748544e-08,-0.0007823962841666213,-0.0016434627474826047,-0.0010001108472611662
1.0156739811912226e-06,-6.273911425041605e-08,-0.0013499191989948223,-0.00026720099831615136,-0.0032046276953738946
1.038244514106583e-06,-1.8952165376257488e-07,0.0008153191023965782,-0.0010202471522054173,-0.0012321467721938888
1.0608150470219436e-06,-3.619956834550184e-07,-0.0002949968803392983,-0.00027682512141268423,-0.000565810156237315
1.0833855799373042e-06,-5.77171034162389e-07,-0.0007190561734959557,-0.0030759107253540145,0.0014500550939165198
1.1059561128526646e-06,-8.22556243787227e-07,0.0006296063749774666,-0.0014386648123527444,0.0007659295256756807
1.1285266457680252e-06,-1.0728118921835064e-06,0.00011277669436048399,0.0011642856868512139,-0.0011737295720277696
1.1510971786833856e-06,-1.2867913185425875e-06,-0.0001286536671056777,-0.0005987682157156161,0.002075030207802578
1.1736677115987462e-06,-1.4057211747761804e-06,-0.0010082352472492214,-0.000509540156798311,-0.0024042903399551455
1.1962382445141065e-06,-1.3534829830870045e-06,0.0026653121860276056,-0.0007841210099481422,0.0005979239557702462
1.2188087774294671e-06,-1.0401035960853482e-06,-0.0007764457600483068,0.0005989511507943334,-0.0017554052780625494
1.2413793103448275e-06,-3.6958755646192396e-07,0.0006392866879406028,-0.0003344194495298703,0.00010691093458537538
1.2639498432601881e-06,7.46940432603873e-07,-0.0007213782298448471,0.001286062189208665,-0.0007189704961611104
1.2865203761755485e-06,2.3722379865488997e-06,0.0004167152750621961,-0.0005940254351183169,0.0027575291847384237
1.3090909090909091e-06,4.518285779611411e-06,0.0020051063488566315,-0.0012420606534199476,0.0008376288063422144
1.3316614420062695e-06,7.117241106357588e-06,0.001060951899053109,-0.00031502677024122956,0.0017719601025238281
1.3542319749216301e-06,9.990683488797258e-06,0.0006202566421428297,-0.0006514416276417955,-0.00032238481840698904
1.3768025078369905e-06,1.2821472813284418e-05,-0.0003457724680637352,-0.00021639915782129522,-0.0004304543553296335
1.3993730407523511e-06,1.5134247519655355e-05,3.8689108826346225e-05,-0.001799070316542854,-0.0005005035717007966
1.4219435736677115e-06,1.6292098918526432e-05,-0.0010042478659377072,0.0005352414270323258,-0.0005184249582641461
1.444514106583072e-06,1.5517913064747424e-05,-0.0007715276533568445,0.0013711526225517045,-0.0008086214720098256
1.4670846394984327e-06,1.194884918831997e-05,0.002372274067399193,0.0006736895662940001,0.0017508492274559727
1.489655172413793e-06,4.730971484212364e-06,0.00026570215951662483,-0.0008292929101670033,-1.957106656299911e-05
1.5122257053291537e-06,-6.842243884754142e-06,-0.000960065894441834,-5.537906687251112e-05,0.001151363203329367
1.534796238244514e-06,-2.314922721914007e-05,-0.001065594908770681,-0.0020887747823503007,-0.0005362694178195762
1.5573667711598747e-06,-4.4026760591920265e-05,-0.0016051952359318691,0.003177104081348667,-0.0001583647054748356
1.579937304075235e-06,-6.854233613663652e-05,-0.0005528868306623481,0.0014859263899519623,-0.0007601989426230761
1.6025078369905957e-06,-9.478184338344621e-05,-0.0006500439405165946,-0.00013780068606412027,7.666745736132237e-05
1.625078369905956e-06,-0.00011969253004059531,-0.0008907208143276291,0.00025543772424532605,0.0015855203915194043
1.6476489028213167e-06,-0.00013902984801031975,0.0020733379961700945,0.001080571082304531,-0.0021552893601524716
1.670219435736677e-06,-0.000147461413112454,-0.0010113408403529742,0.0014147786028136696,0.0005229318878285749
1.6927899686520376e-06,-0.0001388794411562088,0.002264699894726435,0.0010662264252511134,0.0011182891989808118
1.715360501567398e-06,-0.00010696230612435527,0.0010440549821438916,-0.0006144847121047998,-0.0019347381828204817
1.7379310344827586e-06,-4.600440934264335e-05,-0.00253770342681142,0.0007900584510836306,0.00034601139559031617
1.760501567398119e-06,4.799955809336223e-05,0.000444279102783686,0.00020212951756909772,-0.0005724644084776047
1.7830721003134796e-06,0.00017607403337083699,-0.00010531905396353396,0.0003706764916897049,0.0014844908971273368
1.80564263322884e-06,0.0003348963653140968,-0.0005234288668119393,-0.00036793400918639475,-0.0010765503040879477
1.8282131661442006e-06,0.0005155117870812559,0.0007793693487872372,5.727082721177422e-05,0.000404979954372876
1.8507836990595612e-06,0.0007023487274206057,0.0005653184681954793,0.00047582687996081656,-0.00026969959145585026
1.8733542319749216e-06,0.0008727926442303265,-0.0005722754201788726,0.001355898189653947,-0.0013512830658419493
1.8959247648902822e-06,0.000997591426014846,-0.0010362084584299516,0.001061893470269146,-0.0007808829554159595
1.918495297805643e-06,0.0010423450254956816,0.0003669481150707763,0.0002611546486685275,0.001092393765112391
1.941065830721003e-06,0.0009702667830237193,0.0001847528247454401,-0.0021865386491969857,-0.0005596664593454837
1.9636363636363636e-06,0.0007462877946392224,-0.0008768911263098461,0.0012870923993792908,-0.0008465447749537827
1.986206896551724e-06,0.00034240827927953146,-0.00012414887369380562,0.002192401495497388,0.0004938665574424694
2.0087774294670848e-06,-0.00025601153922884186,0.0006089758207466479,-0.0009600610344975676,-0.0012138482363766212
2.031347962382445e-06,-0.0010435676304802154,-0.0007126377847461997,0.001401451675661776,5.343681211967031e-05
2.0539184952978056e-06,-0.001988522845680524,-0.00031148329485766805,-0.0006162039819983562,-0.0014695378838333265
2.076489028213166e-06,-0.003027907300168876,-0.0010290093779898469,-0.0018399796920109087,0.00047731810032796275
2.0990595611285268e-06,-0.004065137429169824,0.001357820437540089,0.0004462463073547874,-0.002010871807908929
2.121630094043887e-06,-0.0049712994007261365,0.0003028751852781921,0.0006525579538753672,-0.0016820259039674946
2.1442006269592475e-06,-0.00559110296374817,-0.0007035762105536539,1.1123333601872479e-05,-0.0019702508885643044
2.1667711598746084e-06,-0.005754187516080373,0.00016861270374991623,-7.440227772058445e-05,0.00041449173285279983
2.1893416927899687e-06,-0.005291943207010811,0.0002673637072219042,0.0018367250514757232,0.0003224056244983678
2.211912225705329e-06,-0.0040593115843419545,3.90027386710419e-05,-0.001657223201769267,0.000922692917114166
2.2344827586206895e-06,-0.001960198471414738,0.0005654660130006829,0.001818993450151494,-0.00011759342788223658
2.2570532915360503e-06,0.001025755289025949,-0.00041137621247132474,-0.002052318489260386,-0.0019231974240895438
2.2796238244514107e-06,0.004818133375764779,-0.0005676187472916755,8.944053370303455e-05,0.0008202214466365484
2.302194357366771e-06,0.009216171271214336,-0.00023495592860504617,0.00041660468349311643,0.0008012434025526209
2.3247648902821315e-06,0.013888712464216352,0.0004769827255903703,0.0017334399361832605,-0.0007401487149793097
2.3473354231974923e-06,0.01837761970776816,-0.0011461282718731823,-0.002635556549600848,0.0018898640127335785
2.3699059561128527e-06,0.022117869687478777,-0.0010269624204765854,0.0018470629613032252,0.0014622168090882774
2.392476489028213e-06,0.02447624674700462,0.0008326933483476447,-3.4967652267537256e-05,-0.0010936477184089054
2.4150470219435735e-06,0.024808643955617896,-0.0020313540196195174,0.00024340072599888474,0.00034876704172227504
2.4376175548589343e-06,0.022533585874454403,0.0018843446922776265,0.0007294395896500667,0.0005462982205481904
2.4601880877742947e-06,0.017216909109687227,-0.0003892941758389276,-0.0007553934136020224,-0.000954952469425768
2.482758620689655e-06,0.008659864747770802,-0.000417248458222406,0.00018938453648801096,-0.00012623992672257308
2.5053291536050155e-06,-0.0030193998180615615,-0.0015072862837020309,-9.52596108827815e-05,0.0004232995938196857
2.5278996865203763e-06,-0.017322570035581818,-0.0020810393292984676,-0.0014939931477962749,-7.943832532415548e-05
2.5504702194357367e-06,-0.03333810346069081,0.001704707773899638,-0.0012110832499073324,-0.0005541994736444872
2.573040752351097e-06,-0.04974933632972795,-0.00033389021718292224,0.00021926738532644118,-0.00020585683962676317
2.595611285266458e-06,-0.06489203736648068,-0.002186121453623029,-0.0005859220957878398,0.001628857714441055
2.6181818181818183e-06,-0.07686537168111043,-0.0008843272307416508,-0.00021198499960400596,0.0008039892754933813
2.6407523510971786e-06,-0.08369449502333179,0.00046171693712643405,0.0014577681143239823,0.0005019367377243696
2.663322884012539e-06,-0.08353627971006772,-0.001131116203025053,-0.0010006317487000085,0.0005825085216029796
2.6858934169279e-06,-0.07491264876603881,-0.002058276546998296,0.0019064116555884325,0.0005455964975887284
2.7084639498432602e-06,-0.056949508910957264,-0.001161910685777279,0.00015163460779436564,-6.550994985576892e-05
2.7310344827586206e-06,-0.029594264404881585,-0.0018388073842984024,0.0021464779514603397,0.00013829747023951945
2.753605015673981e-06,0.006217714328515644,0.00046425685353031253,-0.0012787049517783136,-0.001578761456288497
2.776175548589342e-06,0.048476719902320727,-0.00045857657234393465,0.0014342434965486223,0.0012029297597353386
2.7987460815047022e-06,0.09411722435558888,-0.00017736903005597795,0.0035071051505469394,-0.0006348823567070223
2.8213166144200626e-06,0.13915800027796246,0.0006864543088757894,-0.0013126764085197534,0.00032228825420860366
2.843887147335423e-06,0.1789690379285931,0.00039076625827062816,-0.0017911575670266518,-0.0012004578877326747
2.866457680250784e-06,0.20865632925785005,-0.0010529334506250876,-0.0001968153604637264,0.001010488073570382
2.889028213166144e-06,0.22354021216526937,0.0013269195650965947,-0.0024121535687167393,-0.0014365751730437484
2.9115987460815046e-06,0.21968804761228217,-0.00011983065743925627,0.00020271730320412418,0.0006592420877881641
2.9341692789968654e-06,0.19444946393576498,-0.0014828823860563668,0.0010286346281874771,0.0008091608216121726
2.9567398119122258e-06,0.14693416425534242,-0.0005907884490385573,-0.0007151055260936523,0.001257304987967217
2.979310344827586e-06,0.07837001187038288,-0.0012093560244094846,0.00016468295640001401,-0.0006086817068120696
3.0018808777429466e-06,-0.007716070616300748,-0.0012052555946709155,0.001552932225365223,-0.0013126620107125307
3.0244514106583074e-06,-0.10553952000288408,-0.0004738428193692256,0.0018598005926137343,-0.0013053479482050844
3.0470219435736678e-06,-0.20734763435704814,-0.0005446400803672737,-0.000989110132724866,-0.0002909335919431111
3.069592476489028e-06,-0.3039579473861553,-0.0013208268852683335,-9.17709072675041e-05,-0.0007278263553374425
3.0921630094043885e-06,-0.38551798750207633,0.0009258969511405905,6.213441640461073e-05,-0.0009193081714407111
3.1147335423197494e-06,-0.4424303643574656,-0.001472266732700583,0.0016059784160050844,0.0022583614559980964
3.1373040752351097e-06,-0.46636167382936267,0.00011933351140890706,0.00121829102072694,0.0015531634702937753
3.15987460815047e-06,-0.4512348019306408,0.0007730070564334818,-0.0003371705207910961,0.000944162096654676
3.1824451410658305e-06,-0.39409484302276204,-0.0008778952640604645,0.002014904262852634,-0.00025318959524519907
3.2050156739811913e-06,-0.29574118566928664,0.0015737272389674103,-0.00309027153075173,0.00035465322190021285
3.2275862068965517e-06,-0.16103330927438883,1.9709461448996297e-05,-0.001231046221900205,-0.002670655710871118
3.250156739811912e-06,0.0011950271843243585,-0.0013456431127505805,-0.0005364918327893109,0.0006777502026665076
3.272727272727273e-06,0.17864127210314043,0.0016424533873472483,-0.0006986685322070486,0.0001823059726029041
3.2952978056426333e-06,0.35644340582025513,-0.0013887490045959652,-0.0004961892208153364,0.0014405772284892013
3.3178683385579937e-06,0.5184312812523475,-0.002254584125724063,-0.0003196781862345515,-0.0010577619611093691
3.340438871473354e-06,0.6486153215889122,-0.000564087412376129,0.00016513322899760382,0.00047609274442130824
3.363009404388715e-06,0.7327734991665473,-0.0002275931298747844,-0.00022677022346640955,0.0009960493623410208
3.3855799373040753e-06,0.7599761986931041,-0.0015443697088017214,-0.0004446552603347012,-0.0007717841935026519
3.4081504702194357e-06,0.7238837951682363,0.002249787739514444,0.001211840785195239,-0.0025384179680992516
3.430721003134796e-06,0.6236652669379912,0.0007025273992018999,-0.0004502546546621988,-0.00191748431370326
3.453291536050157e-06,0.4644175646069305,-0.0002532572294196565,0.000942732329329307,-0.0012062959389094617
3.4758620689655173e-06,0.25701225616827233,-0.0021335782873926814,0.0009953744663715942,-0.0028303680799441513
3.4984326018808777e-06,0.01735367451288359,-0.0007806225823078339,0.00052234613483012,-0.0023893680383100828
3.521003134796238e-06,-0.23490463468990083,0.0023892891530446557,5.722945970528277e-05,-0.0038503748818733106
3.543573667711599e-06,-0.478077862485242,-0.0008287416233789635,-0.001362836540137874,-0.0035805252687142242
3.5661442006269593e-06,-0.6904435726903756,0.0011430915391828942,-0.0011545417990431559,-0.0019409646459456113
3.5887147335423196e-06,-0.8523162745854863,0.0007307961595094885,0.00026736835832558934,-0.0022038321060968134
3.61128526645768e-06,-0.9479922394907873,0.00022134955697614383,0.00141305362990677,0.0031478607143966067
3.633855799373041e-06,-0.9673605697739345,0.0012367578274635523,0.0019730956773729505,0.0016833579440442355
3.6564263322884012e-06,-0.9070058578023624,-0.0024375477580108377,-0.00023012096791359793,0.004763660003972021
3.6789968652037616e-06,-0.7706770679646184,-0.00023777252118536033,4.140869463858468e-05,0.008463313864646565
3.7015673981191224e-06,-0.569061475670971,-0.0013466254448593264,-0.0013655627310889063,0.010626026847486437
3.724137931034483e-06,-0.3188746881986634,-0.0007261357918673279,0.0007801681534821521,0.013640293195838938
3.7467084639498432e-06,-0.041349972552598216,-0.001593821575749093,-0.0012156855711011499,0.013014378601258841
3.7692789968652036e-06,0.23972578734771707,-0.0015717592463224106,0.000426010721154115,0.015973702005351
3.7918495297805644e-06,0.5002334668479401,-0.00099538363313185,8.565092484227645e-05,0.013720830977649034
3.814420062695925e-06,0.7179766101169325,0.0018084962612008146,0.0006263329163177581,0.010173312534805462
3.836990595611286e-06,0.8747424497615944,0.0001256287234165728,0.0016476264063930016,0.004384503543394975
3.859561128526646e-06,0.9579625457576758,-0.0007845904182490107,0.0013262887500345973,-0.001985117164651112
3.882131661442006e-06,0.9618096368486865,-4.900921067926364e-05,-0.0001294546411442562,-0.010724273282869635
3.904702194357367e-06,0.8876275994319993,6.0844658704426916e-05,0.0001460916915872297,-0.019060810655825
3.927272727272727e-06,0.743662064795009,-0.0006808297646656957,-0.0008204349317971843,-0.0306584851589646
3.9498432601880876e-06,0.5441322880028722,0.0003505429634583203,-0.0033949129971950457,-0.03848130996340683
3.972413793103448e-06,0.30775217136372257,0.0004457641177453436,-0.0004020923942204594,-0.04587551498809838
3.994984326018809e-06,0.05586260642626306,-8.325323448084435e-06,0.0004007774447114076,-0.046614581306181097
4.0175548589341696e-06,-0.18962715988204412,-0.0004641274739645106,0.0012875270613482998,-0.048612672829744595
4.04012539184953e-06,-0.4082780077220761,-0.00032989399694646206,-0.0006953383333945438,-0.04631217477356422
4.06269592476489e-06,-0.5829376404086886,0.001777451868714121,-0.0002243815121024114,-0.03219895661926431
4.085266457680251e-06,-0.7011644382862982,0.00011437535727596912,-0.0005727278176609738,-0.015949563697905615
4.107836990595611e-06,-0.7561349337444433,-0.0015571101573327636,-0.0006043968586767398,0.004581850168019715
4.1304075235109715e-06,-0.7469699305535623,-0.0005097771898661838,-0.0002593963126729045,0.028932711694080463
4.152978056426332e-06,-0.6784769959457028,-0.0014301133618370879,-0.0004677801981951877,0.05607121268600189
4.175548589341693e-06,-0.5603668566148489,0.0015039977758426262,-0.0004722385681730406,0.08125495853263483
4.1981191222570535e-06,-0.40605175374926783,0.0010926245000801983,-0.000943935193594884,0.10717545164282438
4.220689655172414e-06,-0.23117005719544284,-0.0023398922414988314,0.0017909594037208763,0.1230094498171472
4.243260188087774e-06,-0.05200028572239354,0.000318931073509246,-0.001597434330862022,0.1328730006198204
4.265830721003135e-06,0.11607185532220578,0.0005619276944726174,0.0003489513932356208,0.13036538745753073
4.288401253918495e-06,0.2598865898543496,6.44882943402912e-05,-0.0009536726996350587,0.1133024437779893
4.3109717868338555e-06,0.36952754828355294,-0.001016897306881204,0.0008162090364992227,0.08543051393567144
4.333542319749217e-06,0.43894872612683383,0.0015195992918252332,-0.000625189804923991,0.04384407130973556
4.356112852664577e-06,0.4661816638514876,0.000977564129292657,0.0011792384925191966,-0.006240074109492846
4.3786833855799375e-06,0.453138611465987,0.0007834208930845699,-0.0004621277620261387,-0.06307648804650084
4.401253918495298e-06,0.4050670476596699,4.766069617067243e-05,-0.002165163646056924,-0.12057493391579435
4.423824451410658e-06,0.3297412883411989,0.0007360185107763178,0.0007152826439412157,-0.18271916519175957
4.446394984326019e-06,0.23649557272434427,-0.0012779859576251783,-0.0009603039225866765,-0.22792912744701865
4.468965517241379e-06,0.1352090064333309,-0.0012416324353001836,-0.0010050768618442517,-0.26544517680172497
4.4915360501567394e-06,0.035346614219878884,0.0005565942578173535,-0.0019298316719735106,-0.2759935533053411
4.514106583072101e-06,-0.05485565198873507,0.0028764035746809817,-0.0014973800713122053,-0.26906046428694663
4.536677115987461e-06,-0.1289979913088992,0.001697693839057225,0.0006174272325844105,-0.23578558253155082
4.5592476489028215e-06,-0.1828799808941247,0.0003178020005226918,0.000368199503820649,-0.1767145380226922
4.581818181818182e-06,-0.21461271183276284,0.00048100645479811114,0.0004746830887226976,-0.09500222223606554
4.604388714733542e-06,-0.2244988071098214,0.0006322149036321925,-0.0003912415734613559,0.0030994804105305934
4.626959247648903e-06,-0.21472048585548906,-0.0011806601536177561,0.0013510684042703112,0.1075957902726549
4.649529780564263e-06,-0.18889031359374653,0.0012583987745605487,-0.0029354310610790503,0.21331060441796723
4.672100313479623e-06,-0.15152628497780213,-0.0025645222566596797,0.0018164311264487487,0.311817664179933
4.694670846394985e-06,-0.10751258657168344,-0.00038741130066885884,0.0004689729781404083,0.3879657236520137
4.717241379310345e-06,-0.06160073329847026,-0.0006316327752129982,2.2260422068310315e-05,0.43922565713873835
4.739811912225705e-06,-0.01799429658281885,0.0017234979020172428,-0.0005425039079248399,0.4547085356123904
4.762382445141066e-06,0.01995398671914182,-0.0011639395844336708,-0.00079793910078416,0.42997845612139834
4.784952978056426e-06,0.0499193699888669,0.002357008546790058,-0.0006843907359078268,0.37083637908202977
4.807523510971787e-06,0.0706578069047172,-0.0003186973232236277,-0.000600905754645499,0.2761194723889672
4.830094043887147e-06,0.08194789980238953,0.00016547778559444876,0.0010845581140177434,0.15261698024126602
4.852664576802508e-06,0.08444490859297818,-0.0011523557756404122,0.001869158103093913,0.006759821009128893
4.875235109717869e-06,0.07947502411522848,0.002465931904980279,0.0001635180418854763,-0.14318638693762045
4.897805642633229e-06,0.06879972227894741,0.0010385552084911701,-0.00024562848673629056,-0.2883075461112335
4.920376175548589e-06,0.054378264245565994,-0.001114518941174428,0.00014266753578968993,-0.41427950321031437
4.94294670846395e-06,0.038152007869759974,0.0010088571962989655,0.0017750856350377247,-0.5118963304387387
4.96551724137931e-06,0.021868042058635243,-0.0002479116446722025,-0.00014165463922380923,-0.5706874411447996
4.9880877742946705e-06,0.006952694865227201,-0.0005905359633837514,0.0004854567235468326,-0.5817393781133514
5.010658307210031e-06,-0.005561420218011851,-0.0024479522276193264,0.0005474750773383644,-0.5440456469460155
5.033228840125392e-06,-0.015057239446882403,0.0010700444159420358,-0.0006988423392265203,-0.4620215376610894
5.0557993730407526e-06,-0.02131115053769272,0.0011031743771802197,-0.0003606160276170012,-0.3399713170420452
5.078369905956113e-06,-0.02443731017803209,-0.0018724354640310445,-0.0006268385380467634,-0.1891636086258215
5.100940438871473e-06,-0.0248102335561002,-0.00028743362121743483,0.002099957169372317,-0.018821530183223065
5.123510971786834e-06,-0.02297749884621548,-0.0006790748501919856,-0.0006204892392015388,0.14849420151480214
5.146081504702194e-06,-0.019573156603272145,0.00032204753386083835,-0.0009180881380242888,0.30511017270343277
5.1686520376175545e-06,-0.015240307680038702,0.0006861572842525251,-0.002333539080746775,0.4365461696547514
5.191222570532916e-06,-0.010568708473185771,-0.0010126382038450584,-7.972736768525383e-05,0.5290464397272647
5.213793103448276e-06,-0.006050552292844849,9.482436138393638e-05,0.0005646483281223345,0.5772026274537976
5.2363636363636365e-06,-0.0020550737416380046,0.0007065400734587343,0.0005576505855555158,0.5769987372307701
5.258934169278997e-06,0.001179441613721389,-0.0002602494968845566,0.00017668615628220968,0.5339901570484905
5.281504702194357e-06,0.003539151918142353,-0.0006362171785666957,-0.0010184892633689029,0.4447642277966441
5.304075235109718e-06,0.0050174422949080455,-0.0007884087070477539,-0.0010324303880383493,0.32358482331015853
5.326645768025078e-06,0.005691071260432959,-0.0007653354752049114,0.0011709464109036778,0.18073945513248907
5.3492163009404385e-06,0.005693552043801184,-0.002370650449528584,-0.0023308921996604234,0.027872600030807534
5.3717868338558e-06,0.005189071625353988,-0.0009845707616430112,-3.500989743152848e-05,-0.11850240140534246
5.39435736677116e-06,0.004349456042696242,-2.0142534748714366e-05,-0.0010173696424788502,-0.2518860786864771
5.4169278996865205e-06,0.0033358065916854395,-2.567480687703272e-05,-0.00092595097956374,-0.3549295681812866
5.439498432601881e-06,0.0022855741017554524,0.0008647360127917775,-0.00044004471643863493,-0.42534463618551926
5.462068965517241e-06,0.0013050950449360005,0.0012563489743775676,-2.8770805468238756e-05,-0.45854922846290125
5.484639498432602e-06,0.0004670390970822042,0.0007043611715329816,0.0014527157827144545,-0.4491305900276742
5.507210031347962e-06,-0.00018816327752856337,-0.0012066588117237247,-0.002603702158110485,-0.40666870688495
5.529780564263323e-06,-0.0006480358642493963,-0.001507796405311324,0.0004273744521163898,-0.3350995127351766
5.552351097178684e-06,-0.0009220621785233284,0.00010757413092192106,0.0001488881133156853,-0.24163377194310087
5.574921630094044e-06,-0.0010350251777851132,-0.002220079799820132,0.000359740436603086,-0.13574010204595297
5.5974921630094044e-06,-0.0010205343663382976,0.00011364183460509008,-0.0002999759889170964,-0.028120254210697988
5.620062695924765e-06,-0.000915358342661771,0.001954203394279736,0.0011217866431236286,0.0725578046340871
5.642633228840125e-06,-0.000754938129694347,-0.0003341586312425214,-0.0012838000590878963,0.15816622374117262
5.665203761755486e-06,-0.0005702350002629489,-0.000652901229703228,-0.0009322307855331334,0.22590838275551856
5.687774294670846e-06,-0.0003858851308026045,-0.0013825671428608125,-5.62555244377199e-05,0.2706773962989314
5.710344827586207e-06,-0.00021950208735407861,-0.0008287963862662376,0.0012920666792517737,0.2825104065679363
5.732915360501568e-06,-8.188851234122653e-05,0.00053845466345265,-0.00047400023788213064,0.27235802834810924
5.755485893416928e-06,2.2114200480046594e-05,0.00035403088247071236,0.00020574588566630442,0.24415458532560752
5.778056426332288e-06,9.240376006658113e-05,-0.0005134690033228883,-0.0005028260197219123,0.19524949320723986
5.800626959247649e-06,0.00013225473427318346,0.0002316117657777631,0.0011823814653740027,0.1399459290828954
5.823197492163009e-06,0.00014699907311398403,-0.0011402575965121474,0.0005716437917393446,0.0764866162156725
5.8457680250783696e-06,0.00014287637491331242,1.6001184173686232e-06,-0.001743808066310195,0.018063740795301472
5.868338557993731e-06,0.0001261266134737425,-0.00039566205614230144,0.0002613590300229631,-0.036833719060326314
5.890909090909091e-06,0.00010235105522669579,0.0019586260073313523,0.0014233368172002798,-0.08224509436700392
5.9134796238244516e-06,7.613062363785367e-05,-0.0009683599995055976,-0.0018846447792205286,-0.11348048883530165
5.936050156739812e-06,5.08661502525917e-05,-9.071638551316758e-05,-0.00255834750296813,-0.1330659497901399
5.958620689655172e-06,2.8791263976104684e-05,0.0009159982092398757,0.0021550789212815714,-0.13459744183103953
5.981191222570533e-06,1.1104454918486098e-05,0.0007493688490315966,0.0018886064089621273,-0.13016150718865369
6.003761755485893e-06,-1.8301697021578235e-06,0.00031258607306641333,0.0007819657653319777,-0.11564706595748535
6.0263322884012535e-06,-1.0256192623845248e-05,0.0018677832610436472,-1.6767314903342552e-05,-0.08979553766449813
6.048902821316615e-06,-1.4804822747735107e-05,0.0014251052000757354,2.6096100993153786e-06,-0.06417077019449743
6.071473354231975e-06,-1.6303274169287204e-05,-0.0015743354671960582,0.0014340379389752875,-0.03694199734491145
6.0940438871473355e-06,-1.5623484905543554e-05,5.376679416690352e-06,-0.000126348275704648,-0.01194589550557805
6.116614420062696e-06,-1.3574873441539148e-05,-0.0008819235746824109,-0.0012979291653756522,0.013188128313451085
6.139184952978056e-06,-1.0838765354357968e-05,0.0007004165901533544,7.830544262889559e-05,0.032973303546547386
6.161755485893417e-06,-7.93822791251012e-06,-0.0005960077155934091,0.0006807134659835679,0.04400320932562631
6.184326018808777e-06,-5.235099712081041e-06,4.296662130062785e-06,0.0010403164181113996,0.05005917393298922
6.206896551724138e-06,-2.9456093945569354e-06,0.0010765514968943647,0.000763630274304725,0.05156939517457565
6.229467084639499e-06,-1.166693747345524e-06,-0.0009703571288624583,0.0021558770272967617,0.04857332131064638
6.252037617554859e-06,9.348699260469624e-08,0.0004960116054944457,0.0012098384365592815,0.04164112606859503
6.2746081504702195e-06,8.856581532827019e-07,0.0008465062118238939,-0.000826343114009221,0.03137214289160012
6.29717868338558e-06,1.293303326859404e-06,0.000825067558508228,0.00010063765573856283,0.020649396983731878
6.31974921630094e-06,1.4119540188439138e-06,-0.001227788321182885,0.001893691253555636,0.012860260231612597
6.342319749216301e-06,1.3343692843269419e-06,0.0016634969059711193,-0.0015346924370407682,0.0015980860051470625
6.364890282131661e-06,1.1412412520450811e-06,0.0008045341473121455,0.0012523672084965077,-0.003430415717753315
6.387460815047022e-06,8.965522070242403e-07,7.833875934632123e-07,0.001412619147436517,-0.010161072825431014
6.410031347962383e-06,6.464755462338051e-07,0.00012356520590355325,-0.0009944674774938125,-0.013879528838951294
6.432601880877743e-06,4.206898962494114e-07,0.0007828526117294365,-0.0018805914150273244,-0.017336901784446915
6.4551724137931034e-06,2.3509359533750688e-07,-0.0007722498263198528,0.0014336483017865225,-0.015653774671218177
6.477742946708464e-06,9.510282237731062e-08,0.0010764575578733893,0.0004720523926088319,-0.013483321591529988
6.500313479623824e-06,-1.0597815790414375e-09,-0.00028650474836672426,-0.0003408976847509541,-0.0113776995215489
6.522884012539185e-06,-5.946458878788605e-08,0.0015898443323717878,-0.0010085946273633015,-0.009372742921787535
6.545454545454546e-06,-8.815824705581751e-08,-0.0017226730431280626,0.0003554263437924098,-0.0058393290059343215
6.568025078369906e-06,-9.548601832297571e-08,0.0012351266436815887,0.0023470803836500662,-0.005187854181054602
6.590595611285267e-06,-8.901237581383115e-08,-0.0011170614262314051,-0.0009987173784539896,-0.0028223720963158954
6.613166144200627e-06,-7.494293644547954e-08,0.0016665804189226452,-0.0007764064978149252,0.0005420094553853759
6.635736677115987e-06,-5.7927017635928165e-08,-0.00010435682753868038,0.0022595749629864743,0.0030209372244986874
6.658307210031348e-06,-4.111973315465248e-08,-0.0012385097533348622,-0.00023831852147914513,0.0038116418192738876
6.680877742946708e-06,-2.6397010743062146e-08,-0.0010834715299542122,0.0006268155963700978,0.0009389607448066382
6.7034482758620686e-06,-1.4638945752307015e-08,0.0011309543851913684,-0.0019078799389412766,0.0044797701554250965
6.72601880877743e-06,-6.020959805478973e-09,-0.0017696768177504984,0.003105446270052036,0.004880920332948982
6.74858934169279e-06,-2.745732597161141e-10,0.0005286363205905455,0.0010692339997980017,0.004359931565333366
6.771159874608151e-06,3.101902273244475e-09,-0.0003801024864840198,0.00041200628420246974,0.0017212918439462495
6.793730407523511e-06,4.688634197814795e-09,0.002090230077337329,0.0005823691974323852,0.00035062248495650646
6.816300940438871e-06,5.042193924480853e-09,-0.00019937060002829477,0.0017251447900655237,0.0022069643660858618
6.838871473354232e-06,4.637631328937606e-09,-0.0021966016812318724,-0.0009238414929327335,0.0002804303391548705
6.861442006269592e-06,3.844096417538261e-09,0.00038310662315344223,-0.000287776072120218,0.0014810755208048004
6.884012539184953e-06,2.923464983564174e-09,0.0019920182368665766,-0.0026307877342682303,0.002373748056118472
6.906583072100314e-06,2.042786679274585e-09,-0.0018348615955073575,-0.0005119289459122057,-0.0005831386902686982
6.929153605015674e-06,1.2933507719821907e-09,-0.0008910330184129113,-0.0008159598040923277,-0.0007178132871177893
6.9517241379310345e-06,7.112602942543861e-10,-0.0017237779378809542,-0.00014538752081998563,-0.0022986144466250044
6.974294670846395e-06,2.9630361794424126e-10,0.0014248974389359694,0.0006524524654418604,-0.00178163606865334
6.996865203761755e-06,2.7448960792590608e-11,0.002300129515145286,-0.00035114712486566,-0.003661340413088908
7.019435736677116e-06,-1.2558988418676028e-10,-0.0009767722448223996,0.001928062946552202,0.0009526953576891896
7.042006269592476e-06,-1.9453630235210174e-10,-0.0014274840547723636,7.518117398273889e-06,-0.0011670264277230588
7.064576802507837e-06,-2.078958194364638e-10,0.0008375320132073276,0.00014058393644030416,-0.002079050079700488
7.087147335423198e-06,-1.8871585119423288e-10,0.001521276807410343,-0.0006787643854155724,0.0007147940319230081
7.109717868338558e-06,-1.5401630550367256e-10,0.00024495293772430434,9.837934175899301e-05,9.005139109663824e-07
7.1322884012539185e-06,-1.1524627158348718e-10,-0.0004081594439956222,0.0004867909167732196,-0.0002744650186449634
7.154858934169279e-06,-7.926378750516317e-11,-0.0015050006251952194,-0.0013156770521678667,0.0015852174623676584
7.177429467084639e-06,-4.9483355808428646e-11,-0.0001324749260796625,0.0002688759195730296,0.0008476965645589725
7.2e-06,-2.6967366880116003e-11,0.0007355271124189062,0.002241773706856637,-0.0005476291075616279
7.22257053291536e-06,-1.1342253454898111e-11,-0.0017220435732086849,0.0005520404695212952,-0.0003031722245698675
7.245141065830721e-06,-1.495507483921306e-12,0.0002727654222183956,-0.00029512911063767826,-0.002652978405769403
7.267711598746082e-06,3.941849671165682e-12,-0.0012901752111290341,-0.0015399754895665976,0.001111894933325843
7.290282131661442e-06,6.296070252627223e-12,0.00012848678500009892,-0.0010414176001509695,-8.381962263311903e-05
7.3128526645768025e-06,6.692727158882934e-12,-0.0013990022495190516,-0.000708681419278165,-0.0006416416976510468
7.335423197492163e-06,5.9976528147343485e-12,0.0001469319519785133,0.00043369149158548764,-0.00016426111566797318
7.357993730407523e-06,4.819992030470032e-12,-0.0030446664682879853,-0.0011939634693106296,0.0008539489633934467
7.380564263322884e-06,3.5486980737798166e-12,-0.0015860294824617499,0.00028697820131337343,-0.0014690541834959448
7.403134796238245e-06,2.402203990386438e-12,0.0027544479088506793,0.002301790746507268,0.0009167132942751947
7.425705329153605e-06,1.4784089790424647e-12,0.0022008910995532094,-3.921608904306854e-05,-1.1739600429181054e-05
7.448275862068966e-06,7.979522731521432e-13,-0.0015257253873428018,0.000746192299765668,-0.0007822092960444908
7.470846394984326e-06,3.379026642962512e-13,-0.0036248494540032485,-0.001154610978440507,-0.0016221220053138018
7.4934169278996864e-06,5.56490747578513e-14,-0.0003632802957930226,-0.00012462871704833905,-0.002314760482627284
7.515987460815047e-06,-9.575480420575486e-14,-0.00032504198155119214,-0.0024193768802473832,0.001318480454041978
7.538557993730407e-06,-1.5892394032796294e-13,0.0005209466528459407,0.001379289447378945,2.3467008694725656e-06
7.561128526645768e-06,-1.6821897787129456e-13,-0.0003397220539894553,-0.0007633463933354882,0.001291498898984877
7.583699059561129e-06,-1.4887064279392145e-13,0.0016208834622841962,0.00010956013926828389,-0.0007727091520337083
7.606269592476489e-06,-1.1782331380141543e-13,-0.0023315266356297554,-0.00016514522061302395,0.0007995581251308048
7.62884012539185e-06,-8.535424326755155e-14,-0.00042086578641572776,0.001258095120099419,-0.0014542915561039744
7.65141065830721e-06,-5.686330124084219e-14,-0.00022002028950062475,0.0007472977879477487,-0.001439948340444622
7.673981191222571e-06,-3.449317712129564e-14,0.001478061106988334,0.0025945390328729104,-0.0001134462255856281
7.69655172413793e-06,-1.8427955096674865e-14,-0.0002903145110592394,7.843329349528378e-05,-0.0004051118318473338
7.719122257053292e-06,-7.838107809105302e-15,-0.0014287266756059108,0.0001352244256792416,-8.677517820696371e-05
7.741692789968652e-06,-1.5070130758994159e-15,-0.0011580110993393755,-0.0007881031454416696,-5.44300221739454e-05
7.764263322884013e-06,1.7963495658564353e-15,-0.0012557596373766943,-0.0009995466052398062,0.001632118831129795
7.786833855799372e-06,3.128148533794946e-15,0.002744307997402627,-0.0018297530912190513,0.002371828792132059
7.809404388714734e-06,3.3009824429455106e-15,0.00016200215940478523,-0.000824334761742198,2.135304031685286e-05
7.831974921630095e-06,2.8859257515253327e-15,4.381387529278027e-05,-0.00024882116463993876,0.0012762228510630979
7.854545454545454e-06,2.2496725882204545e-15,0.0004208659878366391,-0.001798837392977328,-0.0011886272913824868
7.877115987460816e-06,1.603598367507912e-15,-0.0016421742342815756,0.0016923156792581684,-0.002295640704338234
7.899686520376175e-06,1.051344220955615e-15,0.0003925508361924054,-0.0005632065064552027,0.0006508576118744857
7.922257053291536e-06,6.284702314185057e-16,0.0009031564697322287,0.0021450177425128393,-0.00040977747319327103
7.944827586206896e-06,3.3217691345883526e-16,0.00022891546268140697,-0.0009666945844586131,-0.0006692685720165921
7.967398119122257e-06,1.4161961371638895e-16,-0.00012540722896115916,0.0015954258495611802,-0.0017423634764275862
7.989968652037618e-06,3.0514362116301e-17,4.6199991193239454e-05,-0.000715406789105837,0.0003524921284427253
8.012539184952978e-06,-2.59465067045057e-17,0.0014943924516242525,0.002467109555061125,-0.0013002869071897234
8.035109717868339e-06,-4.800435304812989e-17,-0.0015610015200154526,0.0009676167659883577,1.5681557100034704e-05
8.057680250783699e-06,-5.0569419685787495e-17,0.000667650816060583,-0.00020976232603449208,0.0010978561089513704
8.08025078369906e-06,-4.3692071728878664e-17,-0.0011448714948063918,-0.001348181097168543,0.0005772139803525843
8.10282131661442e-06,-3.355121166573123e-17,-0.0011870264465462517,-0.0012526340068754129,0.0009868654920290757
8.12539184952978e-06,-2.3533192619458028e-17,0.0016774064695904227,0.00010460159139140949,0.0007105288796091429
8.14796238244514e-06,-1.518279527040034e-17,-0.0004614670596074985,-0.00037586883766575985,-0.0012212498955894134
8.170532915360501e-06,-8.942483700924809e-18,0.00120081267802432,0.0009907287203275875,0.0008075458926196591
8.193103448275863e-06,-4.67391898503275e-18,0.001425157721240575,0.000400623741203394,-0.0007655598529055736
8.215673981191222e-06,-1.9937363704440704e-18,-0.001427455885239806,0.0020156046711820343,0.0013658517995213052
8.238244514106583e-06,-4.6851053954150605e-19,5.953733064611293e-05,0.0009266838264898128,0.0022660264322547463
8.260815047021943e-06,2.872949107897187e-19,-0.0007787458125229417,0.00017241838730374135,-0.00010040761462933715
8.283385579937304e-06,5.742135025723446e-19,-0.0014981282475864202,-0.0020435670379880724,0.0014517605470140548
8.305956112852664e-06,6.047662632704561e-19,0.0028468952925339124,-0.00017616909443934456,-6.73429755021373e-06
8.328526645768025e-06,5.165995463176551e-19,0.0015701205486890104,-0.001041961627232628,2.2886238673335243e-05
8.351097178683386e-06,3.908366673163824e-19,-0.0009910367291139533,-0.0005546521329610612,0.0005417063784461082
8.373667711598746e-06,2.697621335864327e-19,-0.001642299431738631,0.0017992204424257345,-0.001208696158213605
8.396238244514107e-06,1.7125981470785935e-19,-0.00046755263374986307,0.0006091340053577586,-0.0008625532093569611
8.418808777429467e-06,9.937151301340841e-20,0.0006151167976883682,0.001630860308975809,0.0014622435690305148
8.441379310344828e-06,5.1337793792504654e-20,-0.0007761513110705077,0.0006598351650759757,0.0009877810628083727
8.463949843260187e-06,2.1875763465320685e-20,-0.0004817230485166139,0.0005002239176449666,-0.00021507463370400523
8.486520376175549e-06,5.499723568077287e-21,0.0008449730796166035,-7.875226881269787e-05,-2.256978313549959e-05
8.50909090909091e-06,-2.422408287932256e-21,-0.0007321113469163055,-0.0004369691492380452,0.0007237987879550945
8.53166144200627e-06,-5.35247596779379e-21,0.0017889958584621488,0.0013686178884919915,0.000210144930539896
8.55423197492163e-06,-5.645704802685378e-21,-0.00023292220388156136,-0.0008885301731045164,0.0011596632722855385
8.57680250783699e-06,-4.770141009806934e-21,-0.00021411437117087857,-0.0005793112144927643,0.001539362516121463
8.599373040752351e-06,-3.5561308052550725e-21,0.0010373208076711131,0.0011846723964535914,-0.0020327365945402524
8.621943573667711e-06,-2.415438410513163e-21,-0.0008617676440867057,-0.002250245919654072,-0.0018263439289476556
8.644514106583072e-06,-1.5088944395915983e-21,0.0017172054871431146,0.0009934342842468137,0.0020229779104871124
8.667084639498433e-06,-8.623899849220046e-22,8.361111809907068e-06,0.0018648908490146957,0.00038341198582416265
8.689655172413793e-06,-4.402102341113089e-22,0.002368849645202462,0.000586949264776005,0.0007301919126973571
8.712225705329154e-06,-1.87116521072037e-22,-0.0001767078795148559,0.0012502944873857094,0.001469855323621006
8.734796238244514e-06,-4.961910041283244e-23,0.000497507301944902,0.000611150007833916,-0.0023783107818274437
8.757366771159875e-06,1.5385384847868477e-23,0.000299875486927244,-0.001993360829498925,-0.001944209735154034
8.779937304075235e-06,3.8868242353393054e-23,-0.0009188280917332229,-0.0004464154752485576,2.1240978348385277e-05
8.802507836990596e-06,4.113898928602591e-23,0.001333285483279903,5.5265440564928425e-05,-0.0014184861304616034
8.825078369905955e-06,3.4397391460351316e-23,-0.00037766004604601594,0.000959517006599882,0.001312740601347805
8.847648902821317e-06,2.527274115284181e-23,-0.0003366869378634601,0.00043365063499046374,-0.00015811017066728083
8.870219435736678e-06,1.6893729911904405e-23,0.0001682661345186982,0.0013815424414805948,0.001213832641414961
8.892789968652037e-06,1.0383992682878397e-23,0.002077681468671048,0.0012294768135679513,-0.00030234840128254026
8.915360501567399e-06,5.845084024210904e-24,0.00010667458454727005,0.0013944408324637794,-0.00016323560441312504
8.937931034482758e-06,2.946935509291769e-24,0.002034271241696036,-0.0004229737806293124,-0.0003343728934910832
8.96050156739812e-06,1.2479666839248542e-24,0.00013731406072557507,6.852271318350718e-05,0.002319199321604806
8.983072100313479e-06,3.452915706789128e-25,0.00017709567319286113,0.0018282079803040357,-0.0002306878528215415
9.00564263322884e-06,-7.216969536284781e-26,0.001995508706665333,-0.0009202799340089072,-0.000645025765382485
9.028213166144201e-06,-2.198067758537351e-25,-0.00019047837180149508,0.0008146025512253421,-0.00043874617892984826
9.050783699059561e-06,-2.3397261896193575e-25,1.7515309698797745e-06,0.0004504676827100904,-0.0005622713836207611
9.073354231974922e-06,-1.9369904678973179e-25,0.00041485501418221893,0.0010549278915404458,0.0007484026275323586
9.095924764890282e-06,-1.4028645673135903e-25,0.0018563168253951583,-0.0015867576193713418,-0.0005762955506653469
9.118495297805643e-06,-9.229311124388157e-26,0.0009739191468012722,0.0012305212369806931,0.00024984381168284076
9.141065830721002e-06,-5.581799680502569e-26,-0.001451215994691415,0.0013687593486251554,-0.0010614363494179688
9.163636363636364e-06,-3.0940671870685276e-26,0.0016706655370350742,-2.974158108746037e-05,-0.00043776864933482473
9.186206896551725e-06,-1.5402370993370548e-26,0.0015811400278283468,-0.0010040816298273335,-0.0008303540281364604
9.208777429467084e-06,-6.4910192870043e-27,-0.0005281038573157597,-0.00048599399762508605,-0.0003245940115340724
9.231347962382446e-06,-1.8579946428047414e-27,0.0020087250234699203,-0.0007035002497802735,0.0005026516755172314
9.253918495297805e-06,2.398197812657953e-28,0.00026504216090395656,-0.00026758256692241406,-0.0013955799732932239
9.276489028213166e-06,9.676346114426693e-28,0.0019144885903761503,0.0021995246946910716,-0.0007655469075864239
9.299059561128526e-06,1.0385334520326679e-27,-0.000690776588598008,0.00038361215082522565,-0.0013312715315351564
9.321630094043887e-06,8.517790924329053e-28,0.0012410718687402176,-0.0007201396281549921,0.0016035833457077279
9.344200626959247e-06,6.082249028051155e-28,0.001168719590388384,-0.0009045737316365098,0.0008095088939652542
9.366771159874608e-06,3.9384610691163457e-28,0.0017793991387886456,0.00032589580304521635,7.329138505060537e-06
9.38934169278997e-06,2.3436376993192486e-28,-0.0009953007511514411,-0.00010893968685893576,0.0008422604236272713
9.411912225705329e-06,1.2791658029077498e-28,-0.0018257289692336913,0.00012132561062158701,0.0003857965876142839
9.43448275862069e-06,6.285332968987852e-29,0.001467228711783831,-0.0005158660413880498,-0.0002940397737658391
9.45705329153605e-06,2.633355129964356e-29,0.0006988246365397921,-0.0018864461719581478,-0.0006954024647737585
9.47962382445141e-06,7.745085135794312e-30,0.0007370555089269642,3.862811847403839e-05,-0.00047142710179815596
9.50219435736677e-06,-5.021303186448072e-31,-0.0005589228387460547,-0.0020030662786788746,-0.0004153800221644907
9.524764890282132e-06,-3.314264677050974e-30,-0.0011150097541470223,0.001839811985347326,-0.00025579369396897005
9.547335423197493e-06,-3.597365394053145e-30,-0.00026563590439540347,-0.0012034342284044535,0.0005873500281597595
9.569905956112852e-06,-2.9249132956104714e-30,0.0007776290719375601,0.0004553379040721701,0.00011068549048650538
9.592476489028214e-06,-2.0596511428796186e-30,-0.0014566155698618629,-0.0029321135374466767,0.0014307378805467454
9.615047021943573e-06,-1.3127938401160304e-30,-9.639203831876908e-06,-0.0010563224216179523,0.0009504812383024825
9.637617554858934e-06,-7.686255795898464e-31,0.00045239705162089885,0.002341280851882379,-0.0002037024846650906
9.660188087774294e-06,-4.130359009094563e-31,0.002329530873566182,0.0008869633433343522,-0.0014229924610851044
9.682758620689655e-06,-2.0026666008544754e-31,0.00048774970468421966,0.0019413686600231554,0.0005639603845974608
9.705329153605016e-06,-8.333973631313692e-32,-0.0011959070905251496,-0.0009529831737887467,-0.00018158898053544792
9.727899686520376e-06,-2.5045933850331037e-32,-0.0014926622313495034,-0.0003324649082368259,-0.001361821509993795
9.750470219435737e-06,3.1434307315224035e-34,-0.0015393894990578566,0.0001169781543896641,0.000796600034208814
9.773040752351097e-06,8.826780693975999e-33,-0.0003091346667300293,-0.00013676194547011355,-0.0005917922821266465
9.795611285266458e-06,9.723391846244808e-33,-0.00011929558552571875,0.002847914207914941,-0.0006986508866378963
9.818181818181818e-06,7.842845408273878e-33,0.0003742787573429178,-0.0008226942054719868,-0.00010424936353860381
9.840752351097179e-06,5.447531918087036e-33,0.001073505677990843,0.001256843578293816,0.0006715215977472885
9.86332288401254e-06,3.418048171643701e-33,-0.00132241104401684,-0.0012077330369666605,-0.0004588817026002657
9.8858934169279e-06,1.9690143298844156e-33,0.00014724074560021748,-0.0012005932203102124,-0.0006341243258659207
9.90846394984326e-06,1.0416407155221221e-33,0.000751730032559505,0.0011666166714834234,-0.0013254487892359471
9.93103448275862e-06,4.982453959196983e-34,-0.0014789215247803425,-0.0011597918463847551,-0.000939846860686673
9.953605015673982e-06,2.0577550926137726e-34,0.00020297646103642486,0.0003938135481127506,0.001045840092578187
9.976175548589341e-06,6.289943463257999e-35,-0.000988373314812972,0.0007950660229650152,-0.0013903001754887966
9.998746081504702e-06,1.9134524884734654e-36,-0.0004366271094277089,-0.0015827693813398123,-0.0005407498599451965
1.0021316614420062e-05,-1.8265370309945088e-35,-0.0010334433398318642,-0.0016317315816772515,0.0015869832859682902
1.0043887147335423e-05,-2.0505772554469644e-35,0.0007101117599246159,-0.0005557937689361613,-0.00027999616144295207
1.0066457680250784e-05,-1.642086637018334e-35,-0.0009336591560456885,-0.0007820325546225043,0.0023896756913927317
1.0089028213166144e-05,-1.1253246183831443e-35,-0.0006219347795835523,0.000990573033543169,6.729917031437261e-05
1.0111598746081505e-05,-6.951367869106585e-36,0.0002360568913854909,0.0008036122120520717,-0.0008123310889959475
1.0134169278996865e-05,-3.939979385410753e-36,0.0005221165600241437,-0.00021011404944838664,0.0003841928652188426
1.0156739811912226e-05,-2.0517394382600544e-36,7.678345776724447e-05,0.000875318925149784,0.0001896485788219369
1.0179310344827585e-05,-9.679338380892522e-37,0.003030720281970458,0.000769281886343365,-0.001588725590493308
1.0201880877742947e-05,-3.964432298135704e-37,-0.0014279892655090227,-0.000157054235054186,-0.0007930168235741473
1.0224451410658308e-05,-1.2277936573755008e-37,0.0007507958813429937,-2.2987535034800957e-05,-0.0009139034152511306
1.0247021943573667e-05,-8.105450828322801e-39,0.000977588873777553,0.0008911166999397708,-0.0006203578188726407
1.0269592476489029e-05,2.933958703809097e-38,9.275638746715526e-05,-0.0022438907377656083,-4.5204698203839027e-05
1.0292163009404388e-05,3.373728838915626e-38,0.0014444954904862177,0.001036597472188587,-0.0028776306299578714
1.031473354231975e-05,2.6845176170650705e-38,0.0012206609763233663,-0.002653236293737461,0.002069037836268765
1.0337304075235109e-05,1.815610437793869e-38,0.001423417431459524,0.0019763366392770592,-0.00033222167564476865
1.035987460815047e-05,1.1042600733629789e-38,-0.0006390799317059347,0.001834605815786474,-0.0007563118165040462
1.0382445141065831e-05,6.158163138075216e-39,0.00083156573696252,-0.001302394278169029,0.0012400219497578826
1.0405015673981191e-05,3.156495265803422e-39,0.001222953169222401,0.0008654867557231371,0.00021415799541973376
1.0427586206896552e-05,1.4683453448997476e-39,-0.001855324046890089,0.0012126578830015226,0.0011163765862033427
1.0450156739811912e-05,5.960133097282436e-40,0.00029007607157461375,0.0031823716132071485,0.0011160284789343542
1.0472727272727273e-05,1.8641079480193073e-40,-6.462347274164997e-05,-5.858045178057407e-05,-0.00043269589220876025
1.0495297805642633e-05,1.78357556737401e-41,0.002506461147142569,-0.00016984002236339896,0.0018321964567481481
1.0517868338557994e-05,-3.653871244470536e-41,0.0003973874499643739,0.0006733472423799471,-0.0003113657889855927
1.0540438871473355e-05,-4.3297639639047534e-41,-0.00034625048613111473,0.00018749949664891824,0.000749557675019445
1.0563009404388715e-05,-3.426644472824048e-41,-0.0008483450905315973,-0.004010625278243122,0.0011333873342869896
1.0585579937304076e-05,-2.2878567396577194e-41,-0.0003369623382658824,0.0007357791786106063,0.0006251653382887467
1.0608150470219435e-05,-1.370186921354957e-41,-0.0010893014530434144,-0.00046348343245524023,0.001149120312094621
1.0630721003134797e-05,-7.518332588401872e-42,-0.00019960850661633527,0.00010902277539039198,0.0010433514119907643
1.0653291536050156e-05,-3.7928963196961414e-42,0.0009602958778086642,0.0002518166163675003,-0.0012855752932599115
1.0675862068965517e-05,-1.7394116692808722e-42,-0.00030671920613053707,-0.00010998040105691541,-0.0017951896880235942
1.0698432601880877e-05,-6.992880170322248e-43,-0.0011754156866760593,0.0014271944505017179,-0.0012302592233351174
1.0721003134796238e-05,-2.2025550205961166e-43,-0.0009966316155382538,0.0003111663119125683,0.0005480586008242585
1.07435736677116e-05,-2.654309613114186e-44,-0.0009236452595810445,-0.00148670349099626,-0.0013756418113223085
1.0766144200626959e-05,3.522412003186619e-44,0.0006181501265454246,-0.0006153417332993451,-0.0007707290428706831
1.078871473354232e-05,4.3338637870903564e-44,-0.00023973896313682786,0.00134689736822912,-5.213866285413933e-05
1.081128526645768e-05,3.4149780281582975e-44,0.0023393354487407157,8.107047157928941e-05,0.0007292977981080063
1.0833855799373041e-05,2.251595356225083e-44,-0.00033317978845267117,-0.0008398924474358173,-0.0005887840432817646
1.08564263322884e-05,1.3279867498078645e-44,-0.0014325269099392274,0.0013645571698409303,0.0014550414580560337
1.0878996865203762e-05,7.169778172558313e-45,0.00011755342984907275,0.0025392703218535,-0.0016991752442955875
1.0901567398119123e-05,3.559783485427718e-45,0.0017362259201702162,0.0009392538809577834,-0.0009568359304854415
1.0924137931034482e-05,1.6090842500929926e-45,-0.00014356853128635126,-0.00043767186316460955,-0.0006396299789172569
1.0946708463949844e-05,6.4034669064894355e-46,-0.00022086606197271546,1.4643018303420166e-05,-0.0013710079982896279
1.0969278996865203e-05,2.0262513586183697e-46,0.0003462831024987942,-0.001362772040346698,-0.00024551185237435075
1.0991849529780565e-05,2.864305041525735e-47,0.0016479888308352838,0.0007773457985656133,0.0005374735533792093
1.1014420062695924e-05,-2.6229834908868406e-47,0.0019647662013176966,0.0013530979875548176,0.0006115353888635937
1.1036990595611285e-05,-3.382763059074554e-47,0.0012087382248177506,9.573499069890199e-05,0.00236309825097306
1.1059561128526647e-05,-2.6570813572607803e-47,0.001774785735065626,0.0007767762198358219,0.002251460804433083
1.1082131661442006e-05,-1.73061640948522e-47,-0.0004186586010747531,0.0015384785486131296,0.0027773821599187437
1.1104702194357367e-05,-1.0053355474710875e-47,-0.0007586638022402685,-0.0005989524668158907,0.004588505917702787
1.1127272727272727e-05,-5.340775078587857e-48,-0.0005268897393660499,-2.9568096154470168e-05,0.001771596612665793
1.1149843260188088e-05,-2.6095556497941515e-48,-0.0003182295754934331,-0.0007246082999927582,0.002711606561035102
1.1172413793103448e-05,-1.1624311493552262e-48,0.000782679909785468,-0.0006099289005017273,0.002940752192410818
1.1194984326018809e-05,-4.576818603356428e-49,-0.0014004933173163826,-3.3461653252251335e-05,0.0032579579103141293
1.121755485893417e-05,-1.4519061816790766e-49,-0.000621321357818472,0.0008747603941568809,0.002082317389846477
1.124012539184953e-05,-2.307041233616211e-50,0.0003042325504231587,-0.0011372689088632092,0.0012220494819662536
1.1262695924764891e-05,1.5043466661524401e-50,0.0009792804981440398,-0.0005476109173106682,-0.0007628949698237022
1.128526645768025e-05,2.0585961283440212e-50,-0.00047841970260368866,0.000101684343923588,-0.0012435400800007205
1.1307836990595612e-05,1.613987616013843e-50,0.0018859222641217763,-9.403413093209756e-05,-0.0004971824647146093
1.1330407523510971e-05,1.0388511836261809e-50,0.0011910646863490847,0.0004151530780225183,-0.003639282635501254
1.1352978056426332e-05,5.944692156409199e-51,-0.0014592418929500015,0.001661856463848642,-0.0034904729787882532
1.1375548589341692e-05,3.107546175315384e-51,0.0006552340889836958,8.730687902183364e-05,-0.005832039376370309
1.1398119122257053e-05,1.4941809605074518e-51,1.469856188208065e-06,0.0016572689417151975,-0.003040118273864705
1.1420689655172414e-05,6.558081881024012e-52,0.0001606571040861231,-0.0009809217735702578,-0.005010825325756026
1.1443260188087774e-05,2.5534613373247916e-52,0.00027232595603040693,-0.00383441043583067,-0.0029730934605581173
1.1465830721003135e-05,8.1059546348469125e-53,0.0007078170737004406,-0.0005540397173387748,-0.0018842058549737636
1.1488401253918495e-05,1.4076543490427144e-53,0.0001793039557094495,0.0002340758607393807,0.0023361700270359657
1.1510971786833856e-05,-6.617083373648726e-54,0.0001958003742401137,-0.0009351531444662645,0.0034326458930773905
1.1533542319749216e-05,-9.765163851156396e-54,-0.0016598775048813307,0.0015489589554516913,0.0030137332978505825
1.1556112852664577e-05,-7.653365085616341e-54,0.0014037746350333898,-0.0030197466581081724,0.005353601401784523
1.1578683385579938e-05,-4.8701289846416434e-54,0.0005112782805638843,-3.119556874315873e-05,0.005722434458524961
1.1601253918495298e-05,-2.7456561540389644e-54,0.00027436198130601245,-0.00031986622124960883,0.0028976324992342766
1.1623824451410659e-05,-1.4123612128910822e-54,-7.175357262129394e-05,-0.0008748270995918449,0.0038718186945589763
1.1646394984326018e-05,-6.682462075675712e-55,-0.0002972865406121946,-0.0004401773362024906,0.005069307573713169
1.166896551724138e-05,-2.8894553976247874e-55,0.0009305465525970623,-0.0012300648379363196,0.006166713226569972
1.1691536050156739e-05,-1.1120824717554359e-55,-0.00034971954199439903,-0.0002596119891806419,0.0039174582690618175
1.17141065830721e-05,-3.52704392667708e-56,-0.001480146069150143,-0.0007427649523540835,0.0009487099592162388
1.1736677115987462e-05,-6.562710820696331e-57,-0.0006658740715172574,-0.0013065356381245772,-0.0016663731655844536
1.1759247648902821e-05,2.2180779400312855e-57,-3.5192043780212484e-06,-0.0006575729210291122,-0.0020603382532576025
1.1781818181818182e-05,3.609834308910873e-57,-0.0004453409489637052,-0.0019470749649861277,-0.002619970655897649
1.1804388714733542e-05,2.8329437121960557e-57,0.0009817034634054084,-0.0010829506263004887,-0.005313389741511847
1.1826959247648903e-05,1.7830115772322056e-57,-0.00018537027895170394,0.0010633246570498553,-0.0037110721820218196
1.1849529780564263e-05,9.905092419172081e-58,0.0009524625218306585,-7.712521636805033e-05,-0.0023647157579634163
1.1872100313479624e-05,5.014051940631876e-58,-0.00032761726191299676,-0.0008349812271467077,-0.005347607367355063
1.1894670846394983e-05,2.3343674808940102e-58,4.8945049812620574e-05,0.0012921590808042036,-0.0031034834892893796
1.1917241379310345e-05,9.9424297414127e-59,0.0006592600912182406,0.002087027349776832,-0.002194089979649515
1.1939811912225706e-05,3.7810258425577363e-59,0.0002138582316811825,-0.001130237834432964,-0.003252749465655693
1.1962382445141065e-05,1.1963611660459726e-59,-0.0008625665518532386,-0.0011169706942556503,-0.001179492737034252
1.1984952978056427e-05,2.3506396304502634e-60,3.1203342618219846e-05,-0.00023863054362244557,-0.0014285805445284924
1.2007523510971786e-05,-5.6075466387572765e-61,-0.0002701049128960547,-0.0011327636894168781,0.00046853313442765014
1.2030094043887147e-05,-1.0396006069433243e-60,0.00015005057602569187,-0.001458185736334984,0.003159678123250615
1.2052664576802507e-05,-8.185228122298188e-61,0.0023189172693262243,-0.0008876384268332554,0.0020522845522212034
1.2075235109717868e-05,-5.097835034383808e-61,-7.236476016301909e-05,0.001266970062585962,0.006032204207436147
1.209780564263323e-05,-2.7910229560925787e-61,0.0010948988317485277,0.00042375541989821467,0.004508685160169721
1.2120376175548589e-05,-1.3904215908560513e-61,-0.00019578741856019958,-0.0024223155488023963,0.0037795833380445537
1.214294670846395e-05,-6.369478248338241e-62,0.0013868676524325884,-0.0002091270292869407,0.004340975568003088
1.216551724137931e-05,-2.671859928986296e-62,-0.00035850422068489207,-0.0015412169311709762,0.0026562520857668394
1.2188087774294671e-05,-1.0036171119052948e-62,0.00012370055489623885,-1.072524282776953e-05,0.00348686704247164
1.221065830721003e-05,-3.1640850144460836e-63,0.00017785058345467754,0.00036981240683531843,0.001874660178599862
1.2233228840125392e-05,-6.492312472721167e-64,0.000470135530749278,0.00020913608905523965,-0.0008241462934200733
1.2255799373040753e-05,1.0495205610621701e-64,-0.0002117030848742765,-0.0011064821206996727,-0.0014884111909816231
1.2278369905956113e-05,2.3316683235164076e-64,-0.0025433437164099054,0.002437954725586202,-0.0012586854327552945
1.2300940438871474e-05,1.8458752325958987e-64,-0.0007233724554827401,-0.00048320861947617814,-0.0020011535136788073
1.2323510971786833e-05,1.1382193408437319e-64,-0.00039932505282692324,-0.001230191185453523,-0.0028450927157223026
1.2346081504702195e-05,6.142672808885307e-65,-0.001680299590925394,0.0005225356349796063,-0.001354705019116926
1.2368652037617554e-05,3.01174630810677e-65,0.0006205380320451715,-2.8861149819992147e-05,-0.003997943100226943
1.2391222570532915e-05,1.357508813131606e-65,-0.00016186252810832923,-0.00031754445919507797,-0.003775276271553723
1.2413793103448277e-05,5.607718230277042e-66,-0.0004992484610665328,-0.0003656430182700185,-0.0029086044900472445
1.2436363636363636e-05,2.079846440208126e-66,-0.0013236538895541286,0.0013454630262833068,-0.0010578163536667426
1.2458934169278997e-05,6.525990550756828e-67,-0.0014498895794438748,-0.0008458958802225024,-0.0006486285168313321
1.2481504702194357e-05,1.3862727203827581e-67,-0.001907249534452279,0.00024963910562223124,-0.0003374089105962119
1.2504075235109718e-05,-1.3991713340733334e-68,0.0017843095961404315,0.0004701089005393049,0.001071241773717583
1.2526645768025078e-05,-4.071074820381068e-68,-0.0006882577629999085,0.0017031712189707635,0.0010676017045414266
1.2549216300940439e-05,-3.2487850112774996e-68,0.0001217237796992108,-0.00048755976877804365,0.00260266768053672
1.2571786833855799e-05,-1.9845617609337608e-68,-0.0006321777229976277,-0.0002145895177081866,0.0016453590464128786
1.259435736677116e-05,-1.0559339738964148e-68,0.00012677958681401786,-0.0002579498606845251,0.003593891542489572
1.2616927899686521e-05,-5.095700169810384e-69,-0.0004509326247367619,-0.003259060962616346,0.002863974332748617
1.263949843260188e-05,-2.259891768586443e-69,-0.0002669863574805615,0.00014552505982339935,0.00035287925146036464
1.2662068965517242e-05,-9.192132071703826e-70,-0.0006357856550513316,0.0005996760982935676,0.0004291733586296786
1.2684639498432601e-05,-3.365245355911379e-70,-0.0010648172084263719,-0.0005128412997842405,-0.0005459532853913345
1.2707210031347963e-05,-1.0498459336587265e-70,-0.0017005994300710358,0.0001775545384103108,7.335678411141263e-05
1.2729780564263322e-05,-2.2927542052842155e-71,0.0006976717928842317,0.001203846934878471,0.00011062929316973098
1.2752351097178683e-05,1.1965970386847743e-72,0.0004657888895664513,-0.0017209826318459812,0.00027247029331055436
1.2774921630094045e-05,5.530679936106192e-72,0.00027656570405043627,-0.00018661496457790695,-0.0013936732141694244
1.2797492163009404e-05,4.462226279165727e-72,5.856602807519374e-05,-9.856553306025307e-05,-0.0007411678667670511
1.2820062695924765e-05,2.7020341940909835e-72,-0.0005573684340774611,-0.00035366103032301554,-0.0013501104830655093
1.2842633228840125e-05,1.417743098516695e-72,-0.0009484353258171604,0.00010181667612616598,0.0001846433627415298
1.2865203761755486e-05,6.73444999087228e-73,-0.000845007150160715,0.00048478608040696664,-0.0009457384527078113
1.2887774294670846e-05,2.938600850419745e-73,0.000395029107310693,9.45829337215463e-05,-0.0004500957534610692
1.2910344827586207e-05,1.1768190349706057e-73,-0.0011527630608990779,0.002710108131189046,-0.0017762741554824494
1.2932915360501568e-05,4.251483143137496e-74,-0.0012332435681780272,-0.0016562956774768235,-0.0008558524628884392
1.2955485893416928e-05,1.3174852002202633e-74,0.0021028269201457655,-0.0003856253925584832,-0.001694894666282606
1.2978056426332289e-05,2.941351193845276e-75,-0.0007889086403961467,-0.0007473643815195164,0.0005409898428805332
1.3000626959247648e-05,-3.695954224493006e-77,0.000745428645574045,-0.0005241282361013644,0.0018394633839509142
1.302319749216301e-05,-5.84270323794559e-76,0.0003759405427314698,0.0006060907832963035,-0.0016036678575902512
1.304576802507837e-05,-4.7825018350937195e-76,-1.6264606419616507e-05,-0.00032149573496209453,-0.0011215112016692052
1.306833855799373e-05,-2.8727168390840443e-76,-0.0006118782571676578,-0.0012842625726742398,0.0003396457293928046
1.3090909090909092e-05,-1.4867412084481634e-76,-9.56531988804643e-06,0.00033169910422294605,-0.0005238186325397616
1.3113479623824451e-05,-6.952038611068882e-77,0.0008746853217141972,0.0006641741170335737,0.00026153425117678305
1.3136050156739812e-05,-2.9847166763235143e-77,0.000444140051587103,-0.00029028670200407293,3.810275906209533e-05
1.3158620689655172e-05,-1.1767164635194119e-77,0.0003137330587550951,-0.0003969969867560758,0.0019248262769309813
1.3181191222570533e-05,-4.193891432368024e-78,0.001391321497345254,-0.001650302301884152,9.50062297680115e-05
1.3203761755485893e-05,-1.2899125106560332e-78,0.0008397108650238794,-4.195985505557277e-05,0.0016360364515241982
1.3226332288401254e-05,-2.9301957282162545e-79,0.0013695672918731553,0.001211957690926046,-0.001671138542593709
1.3248902821316614e-05,-5.853631580306762e-81,-0.002556335724364252,0.0012330894438202452,-0.0009654961939116899
1.3271473354231975e-05,4.7961531869075e-80,0.0009745216525048058,-0.00010956327507561553,0.0008042955471946724
1.3294043887147336e-05,3.99933725586638e-80,-0.001043408462648335,0.0015527891173805174,-0.0026197986100663906
1.3316614420062696e-05,2.3848318792781026e-80,0.0008989723688125357,-0.0017389642384128597,0.00024377917742855778
1.3339184952978057e-05,1.2177147911587286e-80,0.001678612476173632,0.003723990121311201,0.001373919238338136
1.3361755485893416e-05,5.605737838884841e-81,-0.00021305141156131616,-0.00027385939909821004,-0.0008391322546851507
1.3384326018808778e-05,2.367971876246976e-81,0.0013859146098532265,-0.00032925958569350404,-0.0002616727541933508
1.3406896551724137e-05,9.189833784555243e-82,-0.0010155927299460169,-0.00100093911341915,0.0017370002810909635
1.3429467084639498e-05,3.230430973024754e-82,-0.0015697078466163415,-0.001387330610939125,0.000655433233936014
1.345203761755486e-05,9.854088941770623e-83,-0.0011778978493293896,0.00040982897567897196,0.0007902834388740719
1.347460815047022e-05,2.26874216153588e-83,-0.0010881190771886273,-0.0010300587590424105,-0.0008989900157188491
1.349717868338558e-05,1.0644160780677735e-84,0.000341357814661196,0.0009849257619133718,-0.00019900518589391054
1.351974921630094e-05,-3.0564212754569287e-84,0.002180674118635185,0.0008185221568789148,-0.0016728561581178184
1.3542319749216301e-05,-2.6091637655251304e-84,0.0005538276444915158,0.0007094579919186084,-0.0020728469135747334
1.356489028213166e-05,-1.545865890446017e-84,0.0023032262818287173,0.0004794743380059108,0.001667384563947881
1.3587460815047022e-05,-7.789742082943055e-85,-0.0019134483387242115,0.0015649144217607198,-0.0005060469954603265
1.3610031347962383e-05,-3.530713966472425e-85,0.0006645419598651405,1.0695767735118007e-05,0.003007322579722203
1.3632601880877743e-05,-1.4674457018161827e-85,-0.0002523323504357948,0.0002055820797112277,0.00022477536582710516
1.3655172413793104e-05,-5.6055955468847065e-86,0.00040272355705729587,-0.0015812592796257605,0.0016644274994458378
1.3677742946708464e-05,-1.9430448203491682e-86,0.000774868731991539,-0.0010056753474693527,-0.00041583397605125854
1.3700313479623825e-05,-5.874308009705524e-87,0.0005699433658738177,-0.0005981023950175143,-0.0008768376793181734
1.3722884012539184e-05,-1.366205701660104e-87,-0.0024714675236942375,0.001161797010232533,-0.0005092869890433434
1.3745454545454546e-05,-9.475438196803336e-89,0.0017983397312939596,-0.0004912745585060858,0.00027680814910146823
1.3768025078369907e-05,1.51029115870251e-88,0.0013659214316149287,0.00014774077275604315,0.000579990781931505
1.3790595611285266e-05,1.3278224470031053e-88,-0.0006812808622601123,-0.0003277470211456342,0.001271649539708468
1.3813166144200628e-05,7.823838754627393e-89,0.0010581927592687615,-0.0019392752914272145,0.0005902876985305033
1.3835736677115987e-05,3.891906505615139e-89,-0.001456454121829149,0.0007226437459790671,-0.001823492676706612
1.3858307210031348e-05,1.7369999162486733e-89,0.0014281126765223699,-0.0015958031120925714,-0.0006542105812988822
1.3880877742946708e-05,7.103306718640781e-90,-8.209618326313937e-05,-0.0006504562030091583,0.0005068364867799669
1.3903448275862069e-05,2.6706586736726126e-90,-0.0008153633542241043,0.0004538779107039951,1.0010991755747429e-05
1.3926018808777429e-05,9.126322180873209e-91,-0.0005917707082092602,-0.0010829410363567067,0.0008835614042055576
1.394858934169279e-05,2.7328693920816604e-91,-0.0011723689453087107,0.0011340954137055242,-0.0005844997479128599
1.3971159874608151e-05,6.402312881623113e-92,0.00042151445682861883,0.0012792085468560815,0.0020915043029397984
1.399373040752351e-05,5.6425376115500915e-93,0.0009128295236994237,-7.402435640427505e-05,0.0008975346302465943
1.4016300940438872e-05,-5.777852787175772e-93,0.0004392333599612357,0.0009201201930933318,-8.507087474387817e-05
1.4038871473354231e-05,-5.270377547810664e-93,-0.0007585709551256971,0.001734613409000977,-0.00030820249186879145
1.4061442006269593e-05,-3.091616430876687e-93,0.0005204803891910179,-0.0007129631424176654,-0.001329237601455892
1.4084012539184952e-05,-1.5186498100123393e-93,-0.0017740010203653152,0.000975114357092676,-0.00134210645119881
1.4106583072100313e-05,-6.674868514829727e-94,-0.001854148120307268,0.0009205312429022706,0.0007795458710318252
1.4129153605015675e-05,-2.685795102825928e-94,-0.0010677315673312878,0.0018846571504845427,0.0012007401034076894
1.4151724137931034e-05,-9.938056369319428e-95,0.00018878942549617868,-0.0007957913394573019,-0.0013951178583059107
1.4174294670846395e-05,-3.3474190216220436e-95,8.934304294631579e-05,0.00036123068454691236,0.0013353975542228403
1.4196865203761755e-05,-9.922864604937956e-96,-0.00040968851527696743,-0.0012517504902582169,0.001004231223151067
1.4219435736677116e-05,-2.335886658931725e-96,-0.00016595153705930484,-0.0020819784349828258,-0.002005113845897848
1.4242006269592476e-05,-2.4268814082417973e-97,-0.0015156163214236494,0.0013890363213815273,-0.0004169277323496565
1.4264576802507837e-05,1.7077984953115744e-97,-0.00026380995610962647,-0.0006627054336128965,-0.0007200069634045932
1.4287147335423198e-05,1.6313068225212264e-97,-0.0009092052011488123,0.0008808562617813876,0.00017320954378313057
1.4309717868338558e-05,9.537863366964823e-98,-0.0007711822400662593,-0.000517464208696515,0.0010917364235467973
1.4332288401253919e-05,4.628096856695639e-98,-0.0007081248969858724,0.0006321962297013765,-0.0005241727387315163
1.4354858934169279e-05,2.003499354011527e-98,0.0003906887623243949,-0.0003554667419695029,0.000599284015473581
1.437742946708464e-05,7.932307290682311e-99,0.0016555650877922551,0.0008134010109022637,0.0019598259098433917
1.44e-05,2.88851467433853e-99,-0.001995347476397673,-0.0005260814962224634,0.0006390965190122924
1.442257053291536e-05,9.588166173480117e-100,0.0010806863438834224,0.0016637710973683186,0.0008756447487674095
1.444514106583072e-05,2.8121731327267526e-100,-0.0022646360698139086,-0.0018709400250752199,0.0027928950039698185
1.4467711598746081e-05,6.637908041154282e-101,-0.0009386294620764713,-0.0006655011371641674,0.0015799998003563707
1.4490282131661443e-05,7.776508726818566e-102,-0.0004956418719981239,-0.0032097055584297002,0.0011859167626598148
1.4512852664576802e-05,-3.889004472905306e-102,-0.0003303605658256566,0.0009701038017153938,-0.0013809058912383947
1.4535423197492163e-05,-3.936776538806429e-102,-0.001630328895902328,-0.00040412630458063105,0.0008585341915188721
1.4557993730407523e-05,-2.2971896727906852e-102,0.00016208318623434117,4.19568898751463e-06,-0.001003578939511046
1.4580564263322884e-05,-1.101513784907315e-102,-0.00027019496157472975,0.0007323759203482504,-0.0027482396401507115
1.4603134796238244e-05,-4.697177313814666e-103,-0.0005392218900604544,-0.00023144673757287258,-0.0016770114865794048
1.4625705329153605e-05,-1.829957027867774e-103,0.0013956949189040057,1.2054732819052141e-05,-0.003443631198375564
1.4648275862068966e-05,-6.557541831561467e-104,-0.00016794197378910766,0.0002974486629010936,-0.004772462312219284
1.4670846394984326e-05,-2.1447731651958135e-104,0.0011800400785098074,0.0005592309860350074,-0.004716223964551081
1.4693416927899687e-05,-6.221021461647023e-105,-0.0002784210443024983,-0.000637050151576295,-0.004954227077714745
1.4715987460815046e-05,-1.4696676326965638e-105,-5.798805852049768e-05,0.0003348935248937317,-0.003310190799358741
1.4738557993730408e-05,-1.8857366966020678e-106,0.00034792191255463657,0.0006325849856141905,-0.0033779479704591346
1.4761128526645767e-05,6.795232502799935e-107,-0.0010519035316846788,0.0013517298332051436,-0.00010466074052507606
1.4783699059561129e-05,7.405661344157446e-107,-0.0005628384705623971,0.00048186186271406006,0.0013070517709233248
1.480626959247649e-05,4.3191823469225846e-107,0.0006609119237939933,-0.0020452866154795704,0.0018622682424322278
1.482884012539185e-05,2.0474473231748084e-107,0.0020629594655406985,0.00034618449608406286,0.003796063204567367
1.485141065830721e-05,8.601682260536008e-108,0.000847231052650937,0.0001761373732383838,0.006688412235970317
1.487398119122257e-05,3.2975936346027176e-108,0.0031209829864406306,0.000517007252343976,0.006797263830134801
1.4896551724137931e-05,1.1627971741526189e-108,-0.0008617505714047094,-0.0016592120017154188,0.010316580433920943
1.491912225705329e-05,3.746761138599054e-109,-3.171879338757965e-05,0.0019462942045394697,0.011334000706613832
1.4941692789968652e-05,1.0742893871770492e-109,-0.0014480668641949337,0.000617560503891445,0.007335020483252254
1.4964263322884013e-05,2.5359337057968593e-110,0.0002811367086562043,-0.0021687881462437134,0.009087458703946538
1.4986833855799373e-05,3.491831195531066e-111,0.0017194273828153883,0.0017777274157907462,0.008533234153282387
1.5009404388714734e-05,-9.054597794960055e-112,0.001807558866224326,0.002001603898865778,0.005820530934097715
1.5031974921630094e-05,-1.0856677478288587e-111,0.0010864673380070555,0.001708941596776031,-0.0016084692674999423
1.5054545454545455e-05,-6.339306418783499e-112,4.5381959444289457e-05,0.0014829362943998238,-0.004545880605156741
1.5077115987460814e-05,-2.9720962349830955e-112,0.0004203147339924802,0.0002421807964908587,-0.009962007890415544
1.5099686520376176e-05,-1.230341609009762e-112,-0.0010452000811076612,0.0006123650549795915,-0.01418742443334822
1.5122257053291535e-05,-4.6416057183641606e-113,0.001308042994035066,0.0007293158279044407,-0.018730805803375127
1.5144827586206896e-05,-1.6105197082646743e-113,-0.00266871807784842,-0.00037522257615823834,-0.022262255597205446
1.5167398119122258e-05,-5.111723290594437e-114,-0.0006463948989565831,-0.0005337597236493311,-0.020561690912007456
1.5189968652037617e-05,-1.4482509557605989e-114,4.3288858056163566e-05,0.00022117715679477494,-0.020680617585062257
1.5212539184952978e-05,-3.411085439982478e-115,0.00041139473011691743,-0.0015540677741397082,-0.020936336601637785
1.5235109717868338e-05,-4.965509006657041e-116,0.000575223695909519,-0.0006533677746295852,-0.01442676611451418
1.52576802507837e-05,9.110381634820573e-117,0.0002177827997687791,-0.0012534334577804572,-0.006689312997011716
1.528025078369906e-05,1.2399781498140737e-116,0.000298144273781533,-0.0002959228768371932,0.0006500647848873046
1.530282131661442e-05,7.262593577258468e-117,0.0011804477912690584,-0.00043526530845780075,0.007144912209714208
1.532539184952978e-05,3.3692382918087825e-117,0.0007697553675965964,-0.0020018622066641746,0.014271649203001908
1.5347962382445142e-05,1.3745508623328686e-117,-6.231436976535427e-05,0.0013425662037800242,0.023941147728048923
1.5370532915360502e-05,5.103334245548429e-118,-0.001591502522110825,0.0008406964682202714,0.031112665771737782
1.539310344827586e-05,1.7423275968669061e-118,-0.00038082051603118965,-7.549348343321925e-05,0.033976912782912136
1.541567398119122e-05,5.446564482697657e-119,0.0015394960639343246,0.0005315028894254661,0.03715241371337099
1.5438244514106584e-05,1.524229307032607e-119,-0.0003611596609647792,-0.0006356708010112802,0.03544168345661863
1.5460815047021944e-05,3.5774539933110725e-120,0.0014590657999795154,-0.0009773774755307424,0.03339291125973794
1.5483385579937303e-05,5.443304070949822e-121,-0.0014035399110954884,-0.0012277989332835527,0.021927996856648094
1.5505956112852666e-05,-6.801385045681908e-122,0.00294707860244698,0.0007173133972817658,0.014225412172323282
1.5528526645768026e-05,-1.1029780793722545e-121,-0.0006704869821530194,-0.0008633632658396952,0.0019091001737555219
1.5551097178683385e-05,-6.494162793369236e-122,-0.0009319142631985565,-0.0010306460637601975,-0.007702812097620432
1.5573667711598745e-05,-2.982703175302165e-122,-0.0006614190201010001,0.0004093691200433819,-0.02394509207855155
1.5596238244514108e-05,-1.199458803424407e-122,-5.821546784628388e-08,0.0001549515725285856,-0.03404951622387517
1.5618808777429467e-05,-4.382824048446562e-123,8.67712627130265e-05,0.0014047057834049009,-0.04092697383012511
1.5641379310344827e-05,-1.4723042203176045e-123,0.0013624833193014079,0.0003891778172133735,-0.04591340745604328
1.566394984326019e-05,-4.532405036749613e-124,-0.0006886811383253413,-0.0010496187495174702,-0.04984798651420158
1.568652037617555e-05,-1.252448656110067e-124,-0.0002583163684878333,-0.0007565676783963262,-0.04665917054531523
1.570909090909091e-05,-2.9259123146277764e-125,0.000863439194245896,0.0030342411514505006,-0.040092303440912705
1.5731661442006268e-05,-4.612213284410898e-126,-0.0004205937807560396,0.0015788045170149368,-0.030344202830800797
1.575423197492163e-05,3.6349760596032812e-127,-0.001665762294849221,-0.0006607303140591217,-0.01865309745648314
1.577680250783699e-05,7.63799582404447e-127,0.001409928769237887,0.0016497170241494845,-0.003010204273606129
1.579937304075235e-05,4.532154309432039e-127,-0.0006675563747157632,-0.0009678096138465706,0.010218654858424643
1.5821943573667713e-05,2.0619957711222776e-127,-8.537397058157339e-05,-3.622658864952372e-05,0.024690898981584525
1.5844514106583073e-05,8.175147777709253e-128,-0.00043446298585919874,-2.782677980121022e-05,0.03457732492094518
1.5867084639498432e-05,2.9401380196233417e-128,0.0015707869976450937,0.00022050944422662329,0.044476829146552044
1.5889655172413792e-05,9.717874987939422e-129,-0.0023581053214048295,-0.0010060765722430744,0.049651289794562285
1.5912225705329155e-05,2.9457223160682377e-129,0.00019733971701333284,-0.001111802687350559,0.05114295953473493
1.5934796238244514e-05,8.035081357173596e-130,0.00041185094536761645,-0.0003264297640704436,0.04645013803246218
1.5957366771159874e-05,1.8664808200465923e-130,0.00045759591834415505,0.0005873396236426271,0.04009504818627853
1.5979937304075237e-05,3.0265676001853843e-131,-0.0007825108827285643,-0.0027915801436043173,0.02906107407433342
1.6002507836990596e-05,-1.2659967356490773e-132,-0.0020150037142464086,-0.0018898546995790814,0.017597208501590182
1.6025078369905956e-05,-4.115668220115189e-132,-0.0015687260961566717,0.0008909538506523628,0.003605196906780926
1.6047648902821315e-05,-2.468320424823156e-132,0.0017073578048146356,0.0015746882972255047,-0.008398423057605464
1.6070219435736678e-05,-1.113151037147987e-132,0.0003415398648102973,0.0013150392519265623,-0.018815718988873933
1.6092789968652038e-05,-4.351987745745897e-133,0.00185760512775451,-0.0029895263476032567,-0.030441910304612116
1.6115360501567397e-05,-1.540615519298254e-133,-0.0005264346338847235,-0.0009379304317567476,-0.03861687826454544
1.6137931034482757e-05,-5.010174844722667e-134,0.00021433238395937674,-0.0005187129726236013,-0.04218109306404166
1.616050156739812e-05,-1.4952635454137793e-134,-0.0007195951658638914,-0.001019590963630061,-0.03957638371379174
1.618307210031348e-05,-4.024922203744089e-135,0.0006083582168814288,0.00026657424203310515,-0.03981027434749505
1.620564263322884e-05,-9.2879876717216e-136,0.001535736441851143,-0.0030553349476243018,-0.03035541713436492
1.6228213166144202e-05,-1.540359355198103e-136,-0.00070095316062834,-0.0005466363804374953,-0.02257394604635982
1.625078369905956e-05,1.8168046480238323e-138,-0.0016557778385747782,0.0010340780106300612,-0.013946765232355458
1.627335423197492e-05,1.7246189979652927e-137,-0.001165446968244716,0.0010406360539303883,-0.002411402052424869
1.629592476489028e-05,1.0489989493467311e-137,0.0015335465505942742,-0.0013269209829882564,0.0071304775450713185
1.6318495297805643e-05,4.692424466029808e-138,0.0007535018651827258,-1.2582353983398251e-06,0.014246398353381944
1.6341065830721003e-05,1.809494148884883e-138,0.0006046792907386554,-0.00022293989598752619,0.021954775194916315
1.6363636363636363e-05,6.3056911591891356e-139,-0.000282391958522995,0.00043828032848264835,0.02497403904770554
1.6386206896551725e-05,2.0176409065965012e-139,-0.0014502661019915755,0.001558956812270271,0.026798516090612828
1.6408777429467085e-05,5.928051005347536e-140,-0.00010651459838613588,-0.00011726857614163325,0.02576406918946672
1.6431347962382445e-05,1.5742598076181051e-140,0.0009583420368769485,0.0013785618366093043,0.021378825423165045
1.6453918495297804e-05,3.605865117732296e-141,-0.0013262997385931879,0.0007268291940415993,0.01790099999328949
1.6476489028213167e-05,6.0871660013614126e-142,-0.0026702248806587284,-0.0011057355743621443,0.015229049005306266
1.6499059561128527e-05,7.822866655320202e-144,0.0021065072345954287,0.0005020598596352226,0.008358755589947536
1.6521630094043886e-05,-5.615935943612365e-143,-0.001505353871503416,-0.001705350793681081,0.0026870668976956874
1.654420062695925e-05,-3.478420393101823e-143,7.673533281516759e-05,-0.0018959923688512135,-0.003779399262381736
1.656677115987461e-05,-1.5445595621295789e-143,-0.00039907357246075144,0.0005045843647699219,-0.008360275255140942
1.6589341692789968e-05,-5.876239786334328e-144,0.0007072909962427623,0.0010284296977307792,-0.011533102489841627
1.6611912225705328e-05,-2.0159595189741905e-144,-0.0009304452559853182,0.0011176856562398118,-0.011506517618234145
1.663448275862069e-05,-6.346666343477759e-145,0.0009326676117776047,-0.0001659453466682889,-0.012541176751534712
1.665705329153605e-05,-1.835605556806969e-145,-0.0001659280731267764,5.9635059051722714e-05,-0.012402313487774746
1.667962382445141e-05,-4.8079583453604825e-146,0.0014164961592937906,-0.00040377512231746685,-0.010520035069342177
1.6702194357366773e-05,-1.0922824399142546e-146,-0.00011801112936793872,0.0003050757056097667,-0.010411911642324752
1.6724764890282132e-05,-1.8694593283897738e-147,0.0007116528077013465,-0.00033640014478724485,-0.007197730265571573
1.674733542319749e-05,-6.214280773056285e-149,-0.0010827498984511236,0.0009602094382525602,-0.0019868182475218637
1.676990595611285e-05,1.419818240789731e-148,0.0015806417067579463,-0.0005554026022501756,-0.0004095064746173029
1.6792476489028214e-05,8.998584439706895e-149,-0.00017395866146137487,0.0013375366847717474,0.001562811402962572
1.6815047021943574e-05,3.9697434126043225e-149,0.0012950147922788087,0.0015784810106824604,0.004268911549991437
1.6837617554858933e-05,1.4904232186850144e-149,0.0008548074903082924,0.0012084550356815417,0.004189873257589195
1.6860188087774296e-05,5.034312844953198e-150,1.1121087550386504e-05,0.0011357099247523233,0.006489199769599982
1.6882758620689656e-05,1.5594068432882187e-150,0.0011044994784137525,0.0009764514050946051,0.004588467404479613
1.6905329153605015e-05,4.439404001085218e-151,-0.00039264360450485544,0.0009355769742385074,0.0049627119262900645
1.6927899686520375e-05,1.1466291011152733e-151,-0.001214442636390287,-0.0007665073012837802,0.0039034216029544405
1.6950470219435738e-05,2.581908130293005e-152,0.00017099464367459013,-0.0003070807513326163,0.003749475151008815
1.6973040752351097e-05,4.4651318497656625e-153,-6.600762404616908e-05,0.00043730016298697353,0.0017621650151231486
1.6995611285266457e-05,2.2422191901882524e-154,-0.0012141796487034067,0.0017524770550723368,0.001248035524364961
1.701818181818182e-05,-2.7837033859967007e-154,-0.001143720216619701,0.0007219542471748374,0.0006751404932752467
1.704075235109718e-05,-1.8159210763761908e-154,-0.0005632432250427128,-0.0009131673081393687,0.0011306129537312264
1.706332288401254e-05,-7.966281816637687e-155,-0.0017165302357718224,0.0006476080421789453,-0.002167618056850434
1.70858934169279e-05,-2.952446548126548e-155,0.0005037513793635904,0.001719848774947532,-0.0017971830328591327
1.710846394984326e-05,-9.819881810903247e-156,-0.00013072574087561636,0.0013693495873044936,6.52371874315656e-05
1.713103448275862e-05,-2.9928582819827024e-156,0.000915368214535525,0.0003974575038845321,-0.0017131262130352697
1.715360501567398e-05,-8.385947241443609e-157,-0.00025335769592234623,-0.00010684393976743449,-0.002180702809254066
1.7176175548589343e-05,-2.1353783484423456e-157,-0.0006397922443359417,0.0006470865784986246,-0.0005478879293050948
1.7198746081504703e-05,-4.762832003076742e-158,-0.0004968600775062912,-0.00017334228499171688,-0.0010072753187415815
1.7221316614420062e-05,-8.298925441379799e-159,-0.0018833357712970146,0.0006344947820574959,0.00022321765733886623
1.7243887147335422e-05,-5.345809874823037e-160,7.59234466415008e-05,-0.000976755388489986,-0.0022302431161473654
1.7266457680250785e-05,4.226105318773847e-160,0.00021578437245711816,-0.0006786422728352852,-0.0021230163863968808
1.7289028213166144e-05,2.8581748367329864e-160,-0.0019721545496782724,-0.0007418184448641725,-0.000741347806479209
1.7311598746081504e-05,1.2481537410205447e-160,-0.0017300719895933139,-0.00016507687680240624,0.00011359630543422998
1.7334169278996867e-05,4.567840766587877e-161,0.0013030846187403501,-0.0005528580257170453,-0.0014718983917740764
1.7356739811912226e-05,1.4961603968887364e-161,-0.0008462106084688954,0.0015193882474838843,0.0004889633707691749
1.7379310344827586e-05,4.486695451414973e-162,-0.0003100545247153073,-9.64019331636809e-05,0.0020210506062510528
1.7401880877742945e-05,1.2372734172781725e-162,0.000380363058154407,-0.0003736796965918357,0.00014702934189733674
1.742445141065831e-05,3.105468143997887e-163,-0.0017030157461734446,0.0002500792030943481,3.2981006945220266e-05
1.7447021943573668e-05,6.8571367715124295e-164,-0.0005904801682499367,-0.0017410090384156337,0.0013218729978392322
1.7469592476489028e-05,1.2008436288806032e-164,0.0009595753622868337,0.0014091168801392254,-0.00045365461770172056
1.7492163009404387e-05,9.166393980734381e-166,-0.0008835283716526184,0.0006672732148097585,-0.00037609667570073064
1.751473354231975e-05,-4.9580986005757624e-166,-0.00032897217936419523,-0.000859652960877036,-0.0006817556833052909
1.753730407523511e-05,-3.508162093197009e-166,-0.0007896978927260086,0.002617528641136342,0.0005663409007547792
1.755987460815047e-05,-1.5267993385450375e-166,-0.0007598914753360831,0.0006375528337899454,0.00038142441206590305
1.7582445141065832e-05,-5.5193765579461385e-167,-0.00065004202980608,0.0006777616855481082,-0.0005042094414630226
1.760501567398119e-05,-1.7805485569972432e-167,-0.0007237182144758848,-0.0005114973095141083,7.194473294874727e-06
1.762758620689655e-05,-5.253894285011198e-168,-0.0008870349097644455,-0.00014612831764810103,-0.00028539278259983344
1.765015673981191e-05,-1.4258340299337706e-168,-0.00045818495473582424,-0.0012177236451977249,-0.00035731353409621853
1.7672727272727274e-05,-3.526871560975058e-169,-0.0006626147518765577,-0.00023465198507139094,-0.00025642197436367704
1.7695297805642633e-05,-7.70556502335656e-170,-0.0014783315613667483,-8.543279608414264e-05,0.0013253647581075833
1.7717868338557993e-05,-1.3533226135819641e-170,0.002041046416701974,-9.551145753501774e-05,0.0005444014326977066
1.7740438871473356e-05,-1.1686612864182168e-171,-0.002176232021937571,-7.806532782236634e-05,-0.0012600273425079592
1.7763009404388715e-05,4.4828276717867926e-172,0.002819414906007843,0.0010140058707523803,0.0010618671071669409
1.7785579937304075e-05,3.3572952288308596e-172,-0.0014264126927054312,-0.0012177230505671308,-0.0011378694989347094
1.7808150470219434e-05,1.4580686022054714e-172,0.0003553241042952536,-2.064454058067359e-05,0.0019098816819237913
1.7830721003134797e-05,5.208497217085881e-173,-0.0014305080964544996,-0.0007699370736146378,0.0022821087610596885
1.7853291536050157e-05,1.6551256367190204e-173,-0.001125616171557377,0.0019259177218699207,0.0005506478352173951
1.7875862068965516e-05,4.805634670578721e-174,-0.0011446252073737061,0.0011799468680018398,1.2898055771824207e-05
1.789843260188088e-05,1.2834097917595862e-174,-0.0016986587992846034,-0.00148595867316332,-0.0016425693218700755
1.792100313479624e-05,3.128036042848249e-175,-0.001332368629191499,-0.0005725986878931463,0.0016559238086637713
1.7943573667711598e-05,6.758937051273956e-176,0.0012687349090570745,0.0003534507940965837,0.000587929316167953
1.7966144200626958e-05,1.1882628770148055e-176,2.080273160864068e-05,-0.0012127251064045766,0.0011322915265170922
1.798871473354232e-05,1.1263471265282034e-177,0.0011365791842584813,0.0017834220545110732,-0.0004290754614232392
1.801128526645768e-05,-3.1113119369286586e-178,-0.0012582724440960101,-0.00013405057416663463,0.0002458083474708799
1.803385579937304e-05,-2.504531098711129e-178,-3.912413626442525e-05,-0.00017752729453835903,-0.0004290984792551948
1.8056426332288403e-05,-1.0870134068434309e-178,-7.429511466445242e-05,0.001069756221872054,0.0012721153269151127
1.8078996865203762e-05,-3.8385822166673356e-179,0.000950291504350134,-0.0011203604147737925,0.00040937760935689035
1.8101567398119122e-05,-1.2017303965527867e-179,0.0013927923366063514,0.0020427228280968596,0.0013923424347540019
1.812413793103448e-05,-3.4334841719538743e-180,0.0008939253558314139,0.0014371589896366027,-0.000479367528998399
1.8146708463949844e-05,-9.023143467119859e-181,0.00041057164413677515,-0.001652326567809982,0.001449403337183328
1.8169278996865204e-05,-2.1666159352491962e-181,0.00012868302272428308,-0.00040544353954890063,0.0007998430461724105
1.8191849529780563e-05,-4.6279648753319804e-182,-0.0005854684617357366,-0.00010672280265885258,0.001824249153897468
1.8214420062695926e-05,-8.13100501479153e-183,-0.0014174015376317785,-0.0006693012529571568,-0.0007694162786467949
1.8236990595611286e-05,-8.284176424283689e-184,0.001289728897625266,-0.0023512959756691243,0.001288627592048529
1.8259561128526645e-05,1.6478912676714846e-184,-0.00021720236490247065,-0.0010120958910378006,-0.0009545456043998595
1.8282131661442005e-05,1.4560752941365778e-184,0.0005314992823829022,-0.0007621395685132068,0.0016571174100053617
1.8304702194357368e-05,6.326005765577705e-185,0.001468903125309112,-0.00041859494446922114,0.0017893047796034344
1.8327272727272727e-05,2.2093134550946233e-185,0.0008839778051022678,0.001110211651921794,0.0006700381967140592
1.8349843260188087e-05,6.815210409387508e-186,-0.0006516320686802161,-0.0007651656413413331,-0.0020558556518515477
1.837241379310345e-05,1.916170820458366e-186,-0.0002684959470345463,-0.00044971707315449915,-0.0001327146845009904
1.839498432601881e-05,4.955064518830754e-187,-0.001553923002999725,5.946056855492282e-05,-0.0013023295189198733
1.841755485893417e-05,1.1720013615605456e-187,0.002098280856544143,0.0002337079532836773,-0.0021385297062248075
1.844012539184953e-05,2.4737890008246945e-188,-0.0016969978561233898,0.00015354935085198234,5.469627248881293e-06
1.846269592476489e-05,4.337135017167635e-189,-0.00023804550368255794,0.0021689734636168127,-0.0006210668634089494
1.848526645768025e-05,4.677147319155875e-190,-8.39097671858338e-05,-0.00227552479825964,-0.0018144776943375776
1.850783699059561e-05,-6.597919453099626e-191,0.00024845147473186527,-0.0007872580624798059,-5.2085950778061195e-05
1.8530407523510973e-05,-6.595345443766975e-191,0.0007470214624976368,-5.549615508987349e-05,0.00048469056388211155
1.8552978056426333e-05,-2.873667396699031e-191,7.582027987142862e-05,-0.000716239072633049,0.0003751916058201513
1.8575548589341692e-05,-9.930322818145068e-192,0.0010593905676910122,-0.0010518383209051894,0.0008157933327662082
1.8598119122257052e-05,-3.0188711015353323e-192,0.000773068282432657,-0.003771098157255073,0.0010732110210170502
1.8620689655172415e-05,-8.3531076586202005e-193,0.0028888507154938305,-0.0016187187049381733,0.0001111413279345351
1.8643260188087775e-05,-2.1254076617051728e-193,0.0004920524459244454,-0.0020148139290282058,-0.002347918082050392
1.8665830721003134e-05,-4.9512817761635845e-194,0.0010297051535125702,-0.002076465618261859,0.000680116993986585
1.8688401253918494e-05,-1.0323271961779176e-194,0.00235875379608588,-0.0009077769924765772,-0.00014280374449003293
1.8710971786833857e-05,-1.8037679956829947e-195,4.6385409032700746e-05,-0.0028640097410477664,-0.0021232070607397967
1.8733542319749216e-05,-2.0350486736829353e-196,0.0009536214945336365,-0.0013454218415668109,0.0017112047663952836
1.8756112852664576e-05,1.9642221019982096e-197,-0.0030674504808130085,-3.963125555159642e-06,0.001185088927707311
1.877868338557994e-05,2.3267061995864123e-197,-0.001224008625160247,0.002260322493074234,0.0006038073505199231
1.8801253918495298e-05,1.0188905795600328e-197,-0.002565280629695999,0.005043357548626866,-0.002025542560029114
1.8823824451410658e-05,3.4856174262495694e-198,-0.0024547032238736643,0.006015564818892289,0.0021301016051634976
1.8846394984326017e-05,1.0444787499035339e-198,-0.0032633516225064954,0.007319704394114859,-5.4965065204058956e-05
1.886896551724138e-05,2.844305459765019e-199,-0.004922855420941241,0.010259241863928802,0.0007514812102987981
1.889153605015674e-05,7.120966500146701e-200,-0.002733986762264467,0.011993867226259485,-0.00036354660130463604
1.89141065830721e-05,1.6336436357917512e-200,-0.0016796464221269008,0.01261399412670856,0.0025908818508765283
1.8936677115987462e-05,3.363361488000345e-201,0.0007731157788233681,0.00980578289779381,-0.000935842937038426
1.895924764890282e-05,5.850021332872904e-202,0.000145484654669792,0.008706645175525938,0.0005489979211596764
1.898181818181818e-05,6.84267696242686e-203,0.0010416175901286706,0.005961438543234937,0.0004775406495516128
1.900438871473354e-05,-4.205559142365471e-204,0.005551333117411516,-0.00041178506887547717,0.0006624503126671778
1.9026959247648904e-05,-6.390319417545928e-204,0.004834766932153373,-0.008697859702128215,-0.00013768153413797575
1.9049529780564263e-05,-2.8194971750294914e-204,0.008459741830724631,-0.013504221092760851,6.405426441566667e-05
1.9072100313479623e-05,-9.55424641573066e-205,0.009425263301683189,-0.02446546184153521,-0.00018562943113549407
1.9094670846394986e-05,-2.82254416979652e-205,0.011880351831398309,-0.03146178651791542,0.001990042671726748
1.9117241379310345e-05,-7.565159920810287e-206,0.011582873875945192,-0.03749747960635422,0.0007870536188109244
1.9139811912225705e-05,-1.8635518343019426e-206,0.010867241940369515,-0.03909984370735106,0.000649929763218647
1.9162382445141064e-05,-4.209722649665874e-207,0.0069505778417710915,-0.04198791207813769,-0.00017074341795996089
1.9184952978056427e-05,-8.555569284864368e-208,0.004845572809108368,-0.039216066079788114,0.0001778657678842248
1.9207523510971787e-05,-1.4798008476954727e-208,-0.000880787132968304,-0.029440028177792073,0.0007886949860454957
1.9230094043887146e-05,-1.781576298673924e-209,-0.009086650118561324,-0.01652099196897841,0.0006823908357378464
1.925266457680251e-05,5.9498380698933125e-211,-0.014128707000371372,0.0008812679443112691,0.0004889254001345004
1.927523510971787e-05,1.3657553023316773e-210,-0.023245960406174705,0.020560386735519118,-0.0010295229362975817
1.929780564263323e-05,6.088838085222116e-211,-0.027686707540211734,0.04375460998335305,0.001669357951498413
1.9320376175548588e-05,2.0450445327399636e-211,-0.03495380462800341,0.06485863638810128,0.0009542523887967611
1.934294670846395e-05,5.957499800404718e-212,-0.03788261521991213,0.08532641494749499,0.0008604047941028542
1.936551724137931e-05,1.5717118931492532e-212,-0.042219637011338386,0.10394146098894155,-0.0007452902156700008
1.938808777429467e-05,3.809357032906795e-213,-0.03770651220935127,0.11295688317951652,0.0004075377073277159
1.9410658307210033e-05,8.472507865607447e-214,-0.031315333796309776,0.11441242211293032,3.1110791247782605e-05
1.9433228840125392e-05,1.6992595968666282e-214,-0.018289930447283775,0.1032892757822182,0.0007853958817395906
1.9455799373040752e-05,2.9199790734723863e-215,-0.0029475085486787376,0.0828160883175057,0.0005520856497847964
1.947836990595611e-05,3.5971820324520555e-216,0.015796720798165374,0.048338742257982216,0.00021215825491474662
1.9500940438871474e-05,-3.8233917355209435e-218,0.036936606932204845,0.007430873984378862,-0.0005224568961459091
1.9523510971786834e-05,-2.270077135815914e-217,0.06105178452363662,-0.041824756595083036,0.0005822919270496882
1.9546081504702193e-05,-1.0260713134542567e-217,0.08245835209368436,-0.09271370672385484,0.001057834957330335
1.9568652037617556e-05,-3.4181181924974937e-218,0.09798109924421054,-0.14527309457508505,-0.0010393922631613559
1.9591222570532916e-05,-9.821214568598796e-219,0.1101687873056327,-0.19010409288465902,-0.0007111427960307067
1.9613793103448275e-05,-2.5505846498005737e-219,0.11134305614666615,-0.22851493949538895,0.0027651094439676265
1.9636363636363635e-05,-6.0823465745446904e-220,0.10505070965882872,-0.24723708225416505,0.0020187476518657844
1.9658934169278998e-05,-1.3317976659886205e-220,0.08680819839230748,-0.2455387065612749,-0.0005281337535430818
1.9681504702194357e-05,-2.6352447474277967e-221,0.0554177055263545,-0.22368107369047896,0.0007710131100984515
1.9704075235109717e-05,-4.49512029635066e-222,0.016596890942547366,-0.17957431203553498,0.0005370350861636262
1.972664576802508e-05,-5.638999171895107e-223,-0.03116684861865734,-0.113059000967432,0.0005322895750430091
1.974921630094044e-05,-4.5327283974735026e-225,-0.08376899861466308,-0.032812048980354044,0.0007733135322282586
1.97717868338558e-05,2.932352085805861e-224,-0.13381337293683068,0.06439299923624678,0.000814697776907263
1.979435736677116e-05,1.3491439613579389e-224,-0.18395295321237662,0.16153309559376455,-0.00014289074375960814
1.981692789968652e-05,4.461046535057034e-225,-0.22336466037216332,0.25364257208330504,-0.0013503775559478225
1.983949843260188e-05,1.2645604882730278e-225,-0.2438761732438782,0.3343753546633636,-0.0005382804057299458
1.986206896551724e-05,3.233086650014201e-226,-0.24726146446767386,0.3928009722472544,-0.0001328601911935086
1.9884639498432604e-05,7.585798983406441e-227,-0.23141438640341036,0.4224064039931428,-0.001611910530224775
1.9907210031347963e-05,1.6350736701778154e-227,-0.19274649811453953,0.4178141342923436,-0.001961056705873244
1.9929780564263323e-05,3.19114366185775e-228,-0.1289886677759297,0.3763203502721081,0.0006363274603418007
1.9952351097178682e-05,5.3992868036207554e-229,-0.05096269638549115,0.30155664067997545,3.0765456364361605e-05
1.9974921630094045e-05,6.869384364472698e-230,0.042710853895594536,0.19674711859181843,-0.0025456518623926112
1.9997492163009405e-05,1.6123252126893716e-231,0.13762508966250397,0.06706701462448293,-0.00045393581946771806
2.0020062695924764e-05,-2.941121985218585e-231,0.23457078393999065,-0.07800056858035671,0.00010861593269053817
2.0042633228840124e-05,-1.3839767363401515e-231,0.3190852559335651,-0.21910445371684184,0.0012465440440206266
2.0065203761755487e-05,-4.546091122406995e-232,0.38112284032346394,-0.34805472411027866,-1.5334146230041723e-05
2.0087774294670846e-05,-1.2716929465480878e-232,0.42004628548563305,-0.4569112820260882,0.0022114487359049043
2.0110344827586206e-05,-3.2011377659902177e-233,0.4215630127056413,-0.5317554101733689,0.0014599514788530624
2.013291536050157e-05,-7.38998190138483e-234,0.390795413149467,-0.564075100806745,0.0003471778261766517
2.0155485893416928e-05,-1.5678837830724068e-234,0.3219061553780597,-0.5477986053608813,-0.000575364140709199
2.0178056426332288e-05,-3.0175093609543647e-235,0.22220606772982016,-0.49169326643862044,0.0006905206985345038
2.0200626959247647e-05,-5.06067145728994e-236,0.09646045922861621,-0.3877462594975177,-0.00034878254845563785
2.022319749216301e-05,-6.507669242391342e-237,-0.04199660878593795,-0.2542926877902505,-0.001254091755268806
2.024576802507837e-05,-2.363144123966615e-238,-0.1860676901381816,-0.0941589246565746,0.001287885702277258
2.026833855799373e-05,2.2879189545343142e-238,-0.3246468064087556,0.07093805558055234,0.000867929333307475
2.0290909090909092e-05,1.1074781340046612e-238,-0.43834751583725007,0.23588670559184244,0.001526078825772731
2.0313479623824452e-05,3.6172321659294384e-239,-0.519241695054995,0.38162015795539,0.0014224546313798454
2.033605015673981e-05,9.988212330691394e-240,-0.5617851821583284,0.49169843095214943,-0.0017864841803390055
2.035862068965517e-05,2.4757067974474857e-240,-0.5606413330635004,0.5649971493109824,0.0016233784102510883
2.0381191222570534e-05,5.6233910791115114e-241,-0.5096712839706297,0.5859634815782767,-0.00023577439175351443
2.0403761755485893e-05,1.174281415004157e-241,-0.4187358441724205,0.5624897372225365,0.001205439669194305
2.0426332288401253e-05,2.2281246704011916e-242,-0.28670783003691036,0.495284740384633,1.8652048878136127e-05
2.0448902821316616e-05,3.701648880745807e-243,-0.13365216395878277,0.38782553984661755,0.0011222040548699796
2.0471473354231975e-05,4.797130478898381e-244,0.03667558645346668,0.25087535747849266,0.0002662733736924902
2.0494043887147335e-05,2.2571198053403666e-245,0.2022641274397472,0.09780849043095702,-2.0699897755812344e-06
2.0516614420062694e-05,-1.3783593107312103e-245,0.3508757803456292,-0.05870400699156399,0.001147485353451408
2.0539184952978057e-05,-6.912203344384394e-246,0.4747491787629505,-0.204197452317193,0.0013164980835648973
2.0561755485893417e-05,-2.2471670371084734e-246,0.5562997787375513,-0.32589162547428213,0.0003227562639061369
2.0584326018808776e-05,-6.127034097185634e-247,0.5909843959639327,-0.41729709640940404,0.00013125699743249576
2.060689655172414e-05,-1.495546988218648e-247,0.5798927930882488,-0.46793649286550565,-0.0013165791748246238
2.06294670846395e-05,-3.342464937624223e-248,0.5166670991771926,-0.4789757370218512,-0.0010080252416198102
2.065203761755486e-05,-6.869359745204188e-249,0.4192862543127072,-0.45032963497425904,-0.001298911283369991
2.0674608150470218e-05,-1.2847829765713644e-249,0.287138938378223,-0.3875606967892397,-0.0009535197922557795
2.069717868338558e-05,-2.1131600250398133e-250,0.13535472210103283,-0.2977657715425677,-0.0012087189421012112
2.071974921630094e-05,-2.752943366066532e-251,-0.024771221966296757,-0.18998926105953554,-0.0010831084158805552
2.07423197492163e-05,-1.543342850111752e-252,-0.17416023065352618,-0.07290185180045451,-0.0008945657228902172
2.0764890282131663e-05,6.418480377638755e-253,-0.30389772202628274,0.03830543678876815,-0.0007561209306253592
2.0787460815047022e-05,3.36436914254491e-253,-0.40573776177595816,0.13971280833873598,0.0006314063769630111
2.0810031347962382e-05,1.0899271393750475e-253,-0.4659815706731336,0.219157200747233,-0.0007793994569748877
2.083260188087774e-05,2.9353749175137394e-254,-0.48660754521456745,0.27544519190421324,0.0010162179514591942
2.0855172413793104e-05,7.056752499781291e-255,-0.46821855849694927,0.3065058693080116,0.0036394774732698043
2.0877742946708464e-05,1.5518498124579827e-255,-0.4122970733049257,0.30573296781430676,0.0009507145358196301
2.0900313479623824e-05,3.13869960546127e-256,-0.3255226963673814,0.28346772800044306,0.0016864273005890665
2.0922884012539187e-05,5.7853482726957736e-257,-0.21871795628050164,0.23611670204286175,0.004017699089485915
2.0945454545454546e-05,9.41566470363143e-258,-0.09931431261588182,0.1746417935035733,0.0028263479664799997
2.0968025078369906e-05,1.2304069513647354e-258,0.016685685439172808,0.11151600327262147,0.0020484981038894536
2.0990595611285265e-05,7.830033190966463e-260,0.12158835019328983,0.041910421829367966,0.002596717804057135
2.1013166144200628e-05,-2.3040414052703583e-260,0.20856584056317892,-0.02238553997616327,0.0011682123080705253
2.1035736677115988e-05,-1.2767843020408476e-260,0.27059851798388185,-0.0771343554184067,-0.0004588142498624583
2.1058307210031347e-05,-4.127086042929383e-261,0.30685711673378363,-0.11926590584492855,-1.5227911729642882e-05
2.108087774294671e-05,-1.0982996482869593e-261,0.31200592574781383,-0.14497607279913016,-0.004296004616035005
2.110344827586207e-05,-2.6008266382839147e-262,0.2928850973179407,-0.15577327465493898,-0.0036464849128821433
2.112601880877743e-05,-5.627910375027407e-263,0.25306318170584097,-0.15118505426269177,-0.006873656606980962
2.114858934169279e-05,-1.1201496101973456e-263,0.19558615676036228,-0.13590486018125958,-0.009556777534135552
2.117115987460815e-05,-2.0344544588439184e-264,0.126329129914133,-0.11215392657592307,-0.008307175571678175
2.119373040752351e-05,-3.2747592278637586e-265,0.05592538335252397,-0.08078665416311168,-0.009007723825077807
2.121630094043887e-05,-4.284343494846635e-266,-0.012013694751062409,-0.04812421143689655,-0.010734687417122791
2.123887147335423e-05,-2.999627698390752e-267,-0.06637491974707393,-0.015467832177691196,-0.00870690418836993
2.1261442006269593e-05,6.351651865219204e-268,-0.11508704550015116,0.012168584617399083,-0.006075686081396139
2.1284012539184953e-05,3.777177229436335e-268,-0.14312076662015316,0.032453603766211925,-0.002538489027084868
2.1306583072100312e-05,1.219979498372849e-268,-0.157957730413352,0.049971212300098995,-0.000960955595406858
2.1329153605015675e-05,3.2093331320260146e-269,-0.15753561400369415,0.05917825054633882,0.0039179061459716676
2.1351724137931035e-05,7.4871597859431195e-270,-0.14310390575286144,0.06036232611009922,0.010023706177098853
2.1374294670846394e-05,1.5942613699788494e-270,-0.12146224044915169,0.05852416394988831,0.01431473089824386
2.1396865203761754e-05,3.122469361911057e-271,-0.08868117204131046,0.05088597893928704,0.019198144450491374
2.1419435736677117e-05,5.587194202856085e-272,-0.058023599678173055,0.041690138445835134,0.018775407060170873
2.1442006269592476e-05,8.890850043297127e-273,-0.022264604942850787,0.028673357885542865,0.020536450881344148
2.1464576802507836e-05,1.162598594298349e-273,0.007813110664317089,0.016355067214354976,0.020062607518709606
2.14871473354232e-05,8.763348274543659e-275,0.02969916965102021,0.004446951918767623,0.018091904009020846
2.150971786833856e-05,-1.3370846173433772e-275,0.04904481456630948,-0.004993073749331325,0.012746480942443596
2.1532288401253918e-05,-8.708594319025896e-276,0.059350831263867754,-0.012907061692097281,0.008554794490880225
2.1554858934169277e-05,-2.815149625066571e-276,0.06564854441583373,-0.015066613289481157,0.0005832550978074816
2.157742946708464e-05,-7.323818610997694e-277,0.061663323711394984,-0.01811700999284499,-0.010194699942070826
2.16e-05,-1.6835235856802142e-277,0.05422736218027077,-0.02167861555951331,-0.015200528212256297
2.162257053291536e-05,-3.5276602910405476e-278,0.044414776670785604,-0.016495852234945114,-0.02437509518283091
2.1645141065830722e-05,-6.798592842787434e-279,0.03275560104852764,-0.016169575181001518,-0.031394872867982274
2.1667711598746082e-05,-1.1983256758752854e-279,0.01858433726170453,-0.010362760922303246,-0.03391826520291388
2.169028213166144e-05,-1.8843697411456467e-280,0.0064148501230436444,-0.008075936284657801,-0.03639170313337933
2.17128526645768e-05,-2.459196755232155e-281,-0.0018935319988106073,-0.005413487485528442,-0.033953732285360146
2.1735423197492164e-05,-1.964431324634379e-282,-0.009978543837895372,-0.001051949791874354,-0.03135527495347272
2.1757993730407523e-05,2.1300577509313214e-283,-0.0152572165487927,-0.0008476013751219607,-0.024039091564729786
2.1780564263322883e-05,1.564361753507123e-283,-0.0200603451737817,0.0036702696077590617,-0.012964085704014031
2.1803134796238246e-05,5.0706669739101366e-284,-0.020067877283648023,0.00426222776993885,-0.0028246179839891777
2.1825705329153605e-05,1.3052109300701898e-284,-0.020515905033845108,0.0055720206684565,0.01010631679513312
2.1848275862068965e-05,2.956750491176717e-285,-0.015010838775636706,0.0038001881601277964,0.021960132849250535
2.1870846394984325e-05,6.0971755444460545e-286,-0.011988492794939238,0.002582391066331429,0.03370235710143581
2.1893416927899687e-05,1.1562217536052628e-286,-0.007909133086807388,0.004341176342383574,0.04070059912171843
2.1915987460815047e-05,2.007237031322464e-287,-0.005151654748914803,0.0028226977707155564,0.04681251533429891
2.1938557993730407e-05,3.117950576528521e-288,-0.0031441795307105497,-0.0004841436864338549,0.0478152012863059
2.196112852664577e-05,4.055719836870536e-289,0.0006779428360506454,0.0006636513944555953,0.04457123544033418
2.198369905956113e-05,3.392620573927645e-290,0.004326747584104906,-0.00048594305142138675,0.03838883582290058
2.200626959247649e-05,-2.5280512927897022e-291,0.005416660454281464,-0.0026867329508925546,0.030720607711966285
2.2028840125391848e-05,-2.1887235586606785e-291,0.006152159350698588,-0.0004627588474712227,0.018478107821010704
2.205141065830721e-05,-7.128784630723033e-292,0.0035527155482921774,0.0009602602257639326,0.0048633053062956105
2.207398119122257e-05,-1.81649837470007e-292,0.0036181131860010683,-0.0010729503453261182,-0.011246584393499695
2.209655172413793e-05,-4.056021075135422e-293,0.0038193461008846066,-0.0009917199847363312,-0.024335430618214474
2.2119122257053293e-05,-8.231613753942958e-294,0.0025746704239705247,-0.00293146611759006,-0.03470016355015947
2.2141692789968653e-05,-1.5359136971500989e-294,0.003899920232501521,-0.0026322431505457758,-0.041979986697839776
2.2164263322884012e-05,-2.6258627004352857e-295,0.0018015485770187282,-0.0010778248592493054,-0.05032829109845331
2.218683385579937e-05,-4.027839033185166e-296,-0.0005658257112880156,-0.0018298302100451993,-0.05131068915091158
2.2209404388714735e-05,-5.215966827499849e-297,0.0011161927624112502,0.0019025396483783178,-0.04709233293716101
2.2231974921630094e-05,-4.5268707425834156e-298,-0.00213044581258619,0.0016467655052307233,-0.03819064440114199
2.2254545454545454e-05,2.16710182017808e-299,-0.00027161556174370137,-0.0011589885244907808,-0.02969494190395666
2.2277115987460817e-05,2.384178166981961e-299,2.4454583007970385e-05,0.001308943394693771,-0.017615622687480816
2.2299686520376176e-05,7.822074121820975e-300,-0.0005663440442818001,0.0005157633103248973,-0.0049726834424212675
2.2322257053291536e-05,1.9741976511365193e-300,-0.0015044231676687191,0.0006341895542935107,0.009026079581477582
2.2344827586206895e-05,4.345824372859852e-301,-0.0011487276815289869,-0.0004691296794863286,0.020717933559354584
2.2367398119122258e-05,8.680706083072526e-302,-0.0009281269861777905,-0.0006835807598844835,0.031951441225402104
2.2389968652037618e-05,1.5936690790473036e-302,-0.0021472653920382545,-0.00036276167144046916,0.037965528589127724
2.2412539184952977e-05,2.6828802529153602e-303,0.0012371510786144803,-0.00034338695161593996,0.039780096702352066
2.243510971786834e-05,4.062492989318194e-304,0.0003499334545712022,0.00029377660564826086,0.042345400761126445
2.24576802507837e-05,5.231964013557451e-305,0.00021060309322680726,-4.404737180166153e-05,0.03915822760884477
2.248025078369906e-05,4.6764815269877075e-306,-0.0011954043023461153,0.0003092099285598984,0.029511920024656375
2.250282131661442e-05,-1.2426820767817277e-307,-0.0006649010787445159,0.0006146920063364404,0.023010228739027624
2.2525391849529782e-05,-2.0210467056560688e-307,0.00011440667991868798,0.0012537107700231092,0.011945423968871174
2.254796238244514e-05,-6.698079308669399e-308,-0.0012346898071577432,-0.0020099214389627013,0.0019763313557530165
2.25705329153605e-05,-1.67547083629436e-308,0.0011025319477405084,-0.0015615429958083485,-0.008555642973995584
2.259310344827586e-05,-3.63686066863098e-309,0.00017242208240053871,-0.001435690078988048,-0.01664927205050217
2.2615673981191223e-05,-7.15052857254324e-310,-0.001551080516088083,0.002123112363423049,-0.020420049761827024
2.2638244514106583e-05,-1.29162662641833e-310,0.0007829116859817043,0.000123612333143715,-0.02448050166278915
2.2660815047021942e-05,-2.1408803038313e-311,-0.0006320271234359793,-0.0010799958909985044,-0.025980375468825635
2.2683385579937305e-05,-3.19924259508e-312,-0.002816021507837006,-0.0019582513016063296,-0.025806895823899258
2.2705956112852665e-05,-4.0937378963e-313,-0.0007489491309223807,-0.0011365644301388194,-0.02348459985038294
2.2728526645768024e-05,-3.745998937e-314,0.0011098588424064023,0.0011153500823725317,-0.016065137857399346
2.2751097178683384e-05,3.488531e-316,-0.0009497928139753027,0.0001987177287060722,-0.012246489698931369
2.2773667711598747e-05,1.332466915e-315,-0.00020667057461321402,0.00010097891831517925,-0.0069314440878983806
2.2796238244514106e-05,4.4757174e-316,0.0024363321813766358,0.0006812833396099401,-0.0022492052974972154
2.2818808777429466e-05,1.11035587e-316,0.0001822472508133973,0.00047922917453524006,0.003580879588443173
2.284137931034483e-05,2.3771657e-317,0.0010378124196892887,-0.0010005740948819547,0.00926324073632563
2.286394984326019e-05,4.6008e-318,0.0006077457660187931,-0.002096802604557155,0.010674314033010748
2.2886520376175548e-05,8.1768e-319,0.001985594618627496,-0.0003567704564632208,0.013465013981228105
2.2909090909090908e-05,1.33427e-319,-0.0002875541707028505,-0.0007606146609063478,0.013728974543423214
2.293166144200627e-05,1.9674e-320,-0.001597483084000836,0.0007137703066819513,0.013108578883374957
2.295423197492163e-05,2.5e-321,0.00018961832752550128,0.0008495569473108844,0.013526056715315588
2.297680250783699e-05,2.3e-322,-0.000642680908252989,0.00020279435822658412,0.008600541909807092
2.2999373040752352e-05,0.0,-0.0006326748212844781,0.0008964089298885944,0.006990319027964036
2.3021943573667712e-05,-5e-324,0.0001086012384515309,0.002115521388784563,0.0030683581856535075
2.304451410658307e-05,-5e-324,7.957100648683491e-05,-0.0009240903108405912,0.0012172184981370654
2.306708463949843e-05,-0.0,-0.0007154284846419796,0.0011822571111468323,-0.0015569243837858272
2.3089655172413794e-05,-0.0,-0.0017949622221064725,-0.0011334570336231033,-0.004660947253594478
2.3112225705329154e-05,-0.0,0.0008258117360829164,-0.00040564455184494846,-0.007293415374228476
2.3134796238244513e-05,-0.0,-0.0021145259508631624,-0.0005082665707208978,-0.003500414861557365
2.3157366771159876e-05,-0.0,-0.001449724704138041,0.001224239175559026,-0.005170931602329865
2.3179937304075236e-05,-0.0,0.00041016034369786294,-0.002003641403387653,-0.006744896439258755
2.3202507836990595e-05,-0.0,-0.0008774390466799042,0.0014335493710196396,-0.0043786709054341125
2.3225078369905955e-05,-0.0,4.9073826538824514e-05,0.0022640990539699955,-0.003370744870659802
2.3247648902821318e-05,-0.0,-0.0004940874571018084,0.0006525380092324579,-0.002569627825692065
2.3270219435736677e-05,0.0,0.0008762481065725764,0.0012642522500671519,-0.0017844319169217195
2.3292789968652037e-05,0.0,0.001126913060043279,0.0010231381162488747,-0.0007926782423832096
2.33153605015674e-05,0.0,0.0022935195067706146,0.0003759335359455069,0.00020499485369706075
2.333793103448276e-05,0.0,0.000491846767419627,0.0009769728022901685,0.0034167308995735335
2.336050156739812e-05,0.0,0.001273403097678136,-0.0007038432942150736,0.0023986646520345956
2.3383072100313478e-05,0.0,0.0006167770735241543,0.0017251592659953752,0.0026029009483151157
2.340564263322884e-05,0.0,-0.0005939336475094432,0.0007940359935791567,-0.000873520221097004
2.34282131661442e-05,0.0,0.0007148869207723641,0.001211064543546166,0.0014952087794983901
2.345078369905956e-05,0.0,-0.0008815949903694076,0.0007100852780140524,0.002493304596712036
2.3473354231974923e-05,0.0,0.00033844491850450946,-0.00018449840820119228,0.0019101609625282346
2.3495924764890283e-05,0.0,-0.00157889281363443,0.0026102697185123847,-0.00046959120220848606
2.3518495297805642e-05,-0.0,0.0006375977248511977,0.0008554923241498502,0.001685272083475064
2.3541065830721002e-05,-0.0,0.0004928928121724395,-0.0031943881720654078,0.0012617801823209445
2.3563636363636365e-05,-0.0,-0.0013409797523041115,-4.214206326750067e-06,0.0008970543188182646
2.3586206896551724e-05,-0.0,0.00035762041822061955,-0.0008151571324843928,0.0019935664501921227
2.3608777429467084e-05,-0.0,9.429705170891693e-05,-0.0004834975542724939,0.0017511052368582936
2.3631347962382447e-05,-0.0,0.000792808767472283,-0.0019390881338374995,0.0014824237387653966
2.3653918495297806e-05,-0.0,-0.0004675750515775933,-0.0013716730576752137,-0.0006562604808785172
2.3676489028213166e-05,-0.0,0.0001971517134912689,0.0004295342774965862,-0.0017807002417952694
2.3699059561128525e-05,-0.0,0.0007466568433000612,0.0006191638898281971,0.0011542508204529197
2.3721630094043888e-05,-0.0,0.00016692235803169865,0.00039037201607493673,-1.6885835094461313e-05
2.3744200626959248e-05,-0.0,0.00022527021836747237,0.0018555334297805119,-0.0012275807116284264
2.3766771159874607e-05,0.0,0.000579620686881169,-0.000618948201193288,-0.0013785786641949548
2.3789341692789967e-05,0.0,0.001046059356613916,-0.00036639559519564173,-0.0007766027157541473
2.381191222570533e-05,0.0,-0.0005887367773814313,-0.002414800674241884,-0.0007698542811697783
2.383448275862069e-05,0.0,-0.001160318251835565,0.0004712102964641079,0.0015848729165593197
2.385705329153605e-05,0.0,-0.0008888849002648874,0.0006612925927569724,0.0016124637827879536
2.3879623824451412e-05,0.0,-0.0017016053436404502,-0.0010443541232545291,-0.0012642688650537333
2.390219435736677e-05,0.0,-0.0009182139816013491,-0.0005945033295147622,0.0018953127073966234
2.392476489028213e-05,0.0,-0.0008132687925596784,0.0010246835907567243,0.0018114831209230745
2.394733542319749e-05,0.0,0.00020645733625967704,0.00037644563358843415,-0.0008369079008279807
2.3969905956112853e-05,0.0,0.0007560640905301357,0.0003806946368925792,0.0008805562159298997
2.3992476489028213e-05,0.0,-0.0007333199140949452,0.0016679718734512517,-0.0012084034439948186
2.4015047021943573e-05,-0.0,-0.000989029765151656,-0.0009438859792959571,0.0012427264378926744
2.4037617554858935e-05,-0.0,0.00020404818764331614,0.0010245768758932058,-0.0007330353305299486
2.4060188087774295e-05,-0.0,-0.0004402078715740247,-0.001517586579998428,8.800586052696614e-05
2.4082758620689655e-05,-0.0,0.0015069438690119257,0.0013322991471723838,0.00044132695586450107
2.4105329153605014e-05,-0.0,0.0026434106031396534,-0.0015821784025386956,-0.00040200664767550193
2.4127899686520377e-05,-0.0,0.001014011850976206,0.000688325759220231,-0.0004943804196570072
2.4150470219435737e-05,-0.0,-0.00019708533250344435,-0.0005370268115790108,0.00021273543314662453
2.4173040752351096e-05,-0.0,-0.0020517094547892966,-0.0007888864074586334,-0.00044716681740862357
2.419561128526646e-05,-0.0,-0.0004936246431531414,-0.000595875707184116,0.0004604771655399642
2.421818181818182e-05,-0.0,0.0009242505175990681,-3.427267701198079e-05,-2.1525866518821264e-05
2.4240752351097178e-05,-0.0,0.0010928338069877684,-0.0015067937653955809,-0.0004343276982323505
2.4263322884012538e-05,0.0,-0.0011399382751883704,7.741527933641017e-05,0.0007383039205272094
2.42858934169279e-05,0.0,0.0013857979255090737,0.00022562782049057202,-0.0016392780022706133
2.430846394984326e-05,0.0,-0.0012301058692250888,-0.00015020149476517317,0.0013166438083025364
2.433103448275862e-05,0.0,0.001987942627712975,0.0002990431185657906,0.0025198177000483653
2.4353605015673983e-05,0.0,0.0003343793736746496,0.001741840344175932,0.0011264580333878432
2.4376175548589342e-05,0.0,-0.0013393506040925958,-0.0007746160547934187,0.0008180516636449108
2.43987460815047e-05,0.0,0.00030358734113129603,-0.00019342520677822624,0.0007661725692512813
2.442131661442006e-05,0.0,0.00186063477579243,-0.0011988002224790676,-6.615762272512584e-06
2.4443887147335424e-05,0.0,0.00016300951434164595,-0.00189999243064164,0.0006317287502054326
2.4466457680250784e-05,0.0,-0.001619002275837683,-0.0001635086117929716,0.0008813078713366454
2.4489028213166143e-05,0.0,-0.002523568699184946,0.0002118888711003063,-0.0013666501374105656
2.4511598746081506e-05,-0.0,-0.0004972833937917896,0.0015903530691107057,0.002126049161103396
2.4534169278996866e-05,-0.0,-0.0010854704648669566,0.0005230024079277249,0.0021328265701213577
2.4556739811912225e-05,-0.0,0.0016598005306116535,0.0010686531475597753,0.0012242910937964738
2.4579310344827585e-05,-0.0,0.003096565762974865,0.0023335140376503313,-0.00013291877174557732
2.4601880877742948e-05,-0.0,0.00038679538093326854,-0.0006559701942433101,5.7437189081028794e-05
2.4624451410658307e-05,-0.0,-0.000565448750704264,0.002655944592619912,0.0005226313827475847
2.4647021943573667e-05,-0.0,0.0003289647447134404,0.0015690173960995653,-0.001472561254724412
2.466959247648903e-05,-0.0,0.001071961222257468,0.0001318843413868695,0.0006499519600190587
2.469216300940439e-05,-0.0,0.0002494991748528738,0.0011160511070740762,0.00046632769638772607
2.471473354231975e-05,-0.0,-0.0018350260969827313,0.0012064494144081739,-0.0001247133097909654
2.473730407523511e-05,-0.0,0.00020191769981082978,0.0006364899586423845,0.001137811473027017
2.475987460815047e-05,0.0,-0.0013097201398766373,0.0011669489647603564,-0.0027881240740695685
2.478244514106583e-05,0.0,-9.445896264651865e-05,-0.0003604104607445568,0.0008380918333970198
2.480501567398119e-05,0.0,0.00020097566826920957,-2.0045021918032746e-05,0.0010573102401958269
2.4827586206896553e-05,0.0,-0.0009289169380913904,-0.001310000315461655,0.0022433324069748395
2.4850156739811913e-05,0.0,0.0011103416073958415,-5.133060882416656e-05,0.001688747285947858
2.4872727272727272e-05,0.0,-0.0017265176983409945,0.0006485622010534584,0.0031234159394929197
2.4895297805642632e-05,0.0,0.0022553280050674955,-0.0005170471309052898,-0.0017528947294683259
2.4917868338557995e-05,0.0,0.0005763796309674893,0.000869803772057182,-0.0010165502344366038
2.4940438871473354e-05,0.0,-0.0005213090145545678,-0.0023422605208452277,0.0015974372469750703
2.4963009404388714e-05,0.0,-0.001999763658380629,-0.0014746023527772802,-0.001002629073046477
2.4985579937304077e-05,0.0,-0.0011646688191535026,0.0008242036642600219,-0.0006561432466251598
2.5008150470219436e-05,-0.0,-0.000879488379629139,-0.0009447700151112877,0.0008726895785714774
2.5030721003134796e-05,-0.0,-0.00044817918929676164,0.0008897159689308726,0.00013479973711528093
2.5053291536050155e-05,-0.0,0.0007437878052301545,-0.00030360908752818976,2.735343426939793e-06
2.507586206896552e-05,-0.0,-0.0009123253500324688,-0.0004944019678575615,0.0014578776891565957
2.5098432601880878e-05,-0.0,-0.0012482447200654141,-0.0014969039197782416,0.0015701279846002762
2.5121003134796237e-05,-0.0,0.0007874961041164236,-0.000832952804066376,-0.0019237886544638085
2.5143573667711597e-05,-0.0,0.0004554547410375147,-0.0009420980301394887,0.0002909464158738996
2.516614420062696e-05,-0.0,0.0009680030104537071,0.0021693740057238953,0.0006793695359161589
2.518871473354232e-05,-0.0,0.0010594018334927511,0.001201325780038815,-0.0013162614426659967
2.521128526645768e-05,-0.0,-0.00015405938896918866,-0.0013185552533070874,-0.0009154570371807029
2.5233855799373042e-05,-0.0,0.00041581719997117397,-0.0006367556594183833,-0.0006100476092852661
2.52564263322884e-05,0.0,-0.001004643284229717,-0.0005758569427838809,-0.0004996877634967842
2.527899686520376e-05,0.0,0.00014221441023731685,0.0002770239578409342,0.0006109207821979567
2.530156739811912e-05,0.0,-0.0007219897637897661,1.9461858879934684e-05,0.0001696920520164733
2.5324137931034484e-05,0.0,0.001599098797507171,-0.0004081539159762555,0.00044482977273474397
2.5346708463949843e-05,0.0,-0.0007337097314007527,-0.0014702000354956226,0.0006410661027432139
2.5369278996865203e-05,0.0,0.0015224089190575246,-0.0018545593562809281,-0.0021631066696752264
2.5391849529780566e-05,0.0,-0.0004239242091202862,0.00015988918565767389,-0.0013004902243711704
2.5414420062695925e-05,0.0,0.0013634924157727186,-0.0014036210481194742,-0.00017982209958265706
2.5436990595611285e-05,0.0,0.0009376489398182678,-0.0007028577223661864,0.0003202087017986445
2.5459561128526644e-05,0.0,0.0015876794075038298,-0.0010900728980608938,0.0006049348662370836
2.5482131661442007e-05,0.0,0.0006219365471680176,-0.0025262569935127054,0.0007460487338303036
2.5504702194357367e-05,-0.0,-0.001488888090225223,0.00015004311862899875,0.001073852799170543
2.5527272727272726e-05,-0.0,0.0016866499900171047,0.00031926345926121296,-0.00051322567260128
2.554984326018809e-05,-0.0,-0.00133518984645637,-0.0010313889267173526,-0.00041137250798623236
2.557241379310345e-05,-0.0,-0.0009014620946418566,0.0015232753915914534,-3.2614306759072174e-05
2.5594984326018808e-05,-0.0,-0.0006029794550542812,0.0011069600011166991,5.228725537915585e-05
2.5617554858934168e-05,-0.0,-0.0008811279587357187,-0.0017933754835224888,-0.0008558607827760636
2.564012539184953e-05,-0.0,-0.0012492791114063974,0.0018081249031859465,-0.001101105123937371
2.566269592476489e-05,-0.0,0.0007126629377282507,0.001260930538359829,-0.0007689529564437136
2.568526645768025e-05,-0.0,0.0023924862818928954,-0.0012829204895516131,0.000708113499662464
2.5707836990595613e-05,-0.0,0.002304483466099187,0.0002910459398839754,-0.0007105136486343637
2.5730407523510972e-05,-0.0,0.000897742475469354,0.0015082368599811072,0.000685662616817301
2.5752978056426332e-05,0.0,-0.0009662575791545658,0.000405585315961885,-0.0007749750113812386
2.577554858934169e-05,0.0,-0.0015946091181399276,0.0013794486440362377,-0.00010109098143553925
2.5798119122257054e-05,0.0,-0.0005036622888432849,-7.813603688697595e-05,0.0006224462938250976
2.5820689655172414e-05,0.0,-0.0010587233430267035,-0.0022598010206101742,0.0003693092146898427
2.5843260188087773e-05,0.0,-0.00029474801347025486,0.0009128639850895839,-0.0001412388820876172
2.5865830721003136e-05,0.0,0.0017014681899538606,-0.001284563404486508,0.003296656617807198
2.5888401253918496e-05,0.0,0.0005875744337011255,-0.0025107293086212294,0.0004297962873550872
2.5910971786833855e-05,0.0,0.001935676347903992,0.0007253446879704121,-0.001446454730574365
2.5933542319749215e-05,0.0,0.0015793418185851673,-0.004187529487632423,-0.00043042969998220736
2.5956112852664578e-05,0.0,-0.00039846527199711095,-0.0028130668816891214,-0.001240543653486689
2.5978683385579937e-05,0.0,0.0004076866841765101,-0.0006249361691886884,-0.0004820881014908553
2.6001253918495297e-05,-0.0,-0.0011010316393298186,-0.0021913863179070766,-0.001808660797961876
2.602382445141066e-05,-0.0,0.0010926174225640898,-0.002229477469977967,0.0015558138805633346
2.604639498432602e-05,-0.0,0.0005659192064839075,0.0010068287829372163,0.0013183782624259734
2.606896551724138e-05,-0.0,-0.0009834921645881518,-0.0018794496318864915,-0.0010623571771921987
2.609153605015674e-05,-0.0,-0.00020510439670110288,-0.0013307906450417265,2.617054276344067e-05
2.61141065830721e-05,-0.0,-0.0009359324744682039,0.0038139307781699322,-0.0012255885727020588
2.613667711598746e-05,-0.0,0.0005011431468169977,0.0032122609041196483,0.002974996757572167
2.615924764890282e-05,-0.0,-0.0022088265296329526,0.004038860895784232,-0.0019926465128080437
2.6181818181818183e-05,-0.0,-0.0002626758336672621,0.00328066212273331,-0.00036537383508544686
2.6204388714733543e-05,-0.0,0.0011539677480164792,0.005502730551725439,-0.0005383410367392778
2.6226959247648902e-05,-0.0,0.00015846343310112687,0.0016793229885108275,0.0015730378165817662
2.6249529780564262e-05,-0.0,-0.0010240221981661385,0.0034550328864555776,-0.0012290150623758456
2.6272100313479625e-05,0.0,0.0017516644775694677,0.0012921201174014762,-0.0005746822607126303
2.6294670846394985e-05,0.0,-0.0022139356883463064,0.00269500638180399,-0.001140708047509526
2.6317241379310344e-05,0.0,-0.00041897175066440805,-0.0001339374203498492,0.0006782191464821493
2.6339811912225704e-05,0.0,-0.0007286426069961797,-0.00038513429169975244,0.0012021242979514796
2.6362382445141067e-05,0.0,-7.527255189184498e-05,-0.0013589725181975215,0.0012031102621828508
2.6384952978056426e-05,0.0,-0.0018739914749573202,-0.002796604092259688,0.0001082004637390934
2.6407523510971786e-05,0.0,-0.00040740451029141166,-0.004417225185424364,0.00012563883008327186
2.643009404388715e-05,0.0,0.000637989980939363,-0.005833326405776708,-0.00012658202842668172
2.6452664576802508e-05,0.0,0.0033965095318822945,-0.004996895124955761,-0.001182828875531237
2.6475235109717868e-05,0.0,0.004400130072064105,-0.005258104260750256,-0.0008333198294643583
2.6497805642633227e-05,0.0,0.0011699117307527496,-0.004691804382942731,-0.0013353456600736966
2.652037617554859e-05,-0.0,0.002134185458507314,-0.0030632398269673667,0.0007664604634525496
2.654294670846395e-05,-0.0,-0.0002732499061975824,-0.003168254836576957,-0.00010627880931828975
2.656551724137931e-05,-0.0,8.701617043461009e-05,-0.0020209934174557397,0.0006056851387602144
2.6588087774294672e-05,-0.0,0.001161913105636562,0.0008200598862939125,0.0003125899794631239
2.661065830721003e-05,-0.0,9.331021615997646e-05,0.001147886466439724,0.002250057091367858
2.663322884012539e-05,-0.0,-0.0024097833339233182,0.004157855364435344,0.0014723362651342753
2.665579937304075e-05,-0.0,-0.0022818165483400868,0.0038094312456945128,-0.00044241155683237993
2.6678369905956114e-05,-0.0,-0.0022523850049887373,0.005789363361652132,0.0008309134961987085
2.6700940438871473e-05,-0.0,-0.0018589978883720962,0.007267920608214914,-0.0001566184391739701
2.6723510971786833e-05,-0.0,-0.0057599665140095875,0.009410644931432344,0.0005120258508045905
2.6746081504702196e-05,-0.0,-0.005160806022159064,0.006815211156704089,-0.001483374631352104
2.6768652037617555e-05,0.0,-0.004385970257240475,0.005556664264693946,0.0018028270007452614
2.6791222570532915e-05,0.0,-0.0024757431806196302,0.0036206364243357905,-0.0005383254342285772
2.6813793103448274e-05,0.0,-0.002255631790605335,0.0014737903128352278,-0.00032541633228236366
2.6836363636363637e-05,0.0,-0.0016029683103203787,-0.0012489281587504731,0.0007696493770569289
2.6858934169278997e-05,0.0,-0.001106606013776796,-0.0012713027888136066,0.001725705823126794
2.6881504702194356e-05,0.0,0.0005765498471519822,-0.0031202587409982804,0.002645950047692483
2.690407523510972e-05,0.0,0.0024564729988685624,-0.004834516360113457,-0.00037403657166678054
2.692664576802508e-05,0.0,0.0031273499169417952,-0.004709603884265803,0.00026619995976356507
2.694921630094044e-05,0.0,0.004589645178284493,-0.005044557678381286,-0.0006078490795630047
2.6971786833855798e-05,0.0,0.0050206867066621965,-0.005838321422997973,-0.0007274562074875199
2.699435736677116e-05,0.0,0.0027448337360161906,-0.005967303335323168,-0.0003493659934882264
2.701692789968652e-05,-0.0,0.0013543989759320749,-0.00434263356513673,7.662836985280826e-05
2.703949843260188e-05,-0.0,0.006005783748297857,-0.003242844293346349,-0.0022829098234866583
2.7062068965517243e-05,-0.0,6.586531486572943e-05,-0.004599453774464235,-0.0004901896807435861
2.7084639498432602e-05,-0.0,0.0014449197647059251,-0.002369961167086403,0.0006181115834315554
2.7107210031347962e-05,-0.0,0.0003839913866926476,0.0015033993424606296,0.0006433962105637528
2.712978056426332e-05,-0.0,-0.0014605337448183324,0.00346481786707495,-0.0030950156778385956
2.7152351097178684e-05,-0.0,-0.0030958112490266933,0.004829416048254428,-0.0007288005984868453
2.7174921630094044e-05,-0.0,-0.0024221555221493043,0.004156997133431083,-0.002225582443927443
2.7197492163009403e-05,-0.0,-0.0036315991033854106,0.003654750077843021,0.00045091881149634345
2.7220062695924766e-05,-0.0,-0.0058746345459755045,0.005061839364075128,0.0013809624916342742
2.7242633228840126e-05,-0.0,-0.0031956854834803445,0.003346830600062469,0.0018225867683716362
2.7265203761755485e-05,0.0,-0.0034584719373112398,0.004845895472526045,9.295867821709717e-05
2.7287774294670845e-05,0.0,-0.0034293168997296354,0.002323411096926291,0.0011737544179123516
2.7310344827586208e-05,0.0,-0.002270254855526112,0.003360287390344668,0.0006744784656125412
2.7332915360501567e-05,0.0,0.0005673305240767442,0.0024410366478109834,0.00016050034272033697
2.7355485893416927e-05,0.0,-0.0004652199679001822,0.0009582452167425904,0.001529728168317024
2.737805642633229e-05,0.0,0.0026783777314516332,0.0005543296149385865,-0.0005372934586093571
2.740062695924765e-05,0.0,0.0027577463596018506,-0.0021429247498378256,-0.0004223643278681512
2.742319749216301e-05,0.0,0.002210577621694856,-0.0015290172196588212,0.0006420103151152798
2.744576802507837e-05,0.0,0.0045002535035353905,-0.0034229433296727864,-0.0006179415560660875
2.746833855799373e-05,0.0,0.003965215824604352,-0.0035075218284054454,-0.0011693564134025332
2.749090909090909e-05,0.0,0.004630873075759257,-0.003764839353236305,0.0013874510944875203
2.751347962382445e-05,-0.0,0.0036693007134268544,-0.002616162445152809,-0.0002510937943089269
2.7536050156739814e-05,-0.0,0.003750418920048156,-0.0014137509531888636,-0.0017651470442071391
2.7558620689655173e-05,-0.0,0.0018259348133373324,-1.8499417726197545e-05,-0.0007422654349087113
2.7581191222570533e-05,-0.0,0.002017459517866739,-0.0008236470809748456,0.0010028454220447295
2.7603761755485892e-05,-0.0,-0.0014723417123430522,0.0019034829386037856,0.0013016650650084754
2.7626332288401255e-05,-0.0,0.0019847608218469936,0.0019363934995387196,0.0003360463599779219
2.7648902821316615e-05,-0.0,-0.0012425633778728453,0.0018027909086487845,0.0002915478436958263
2.7671473354231974e-05,-0.0,-0.0011191986045841669,0.000337765770015577,0.0007055783363302805
2.7694043887147334e-05,-0.0,-0.0020360341951164472,0.00020978438007952858,0.000894766151579494
2.7716614420062697e-05,-0.0,-0.004492493369962005,0.0016438139678826118,0.0017065806758050904
2.7739184952978056e-05,-0.0,-0.0020193529088224065,0.0022114445006019127,-0.0006817820233807354
2.7761755485893416e-05,0.0,-0.002432904019493845,-0.00028982407436533154,0.0010825436698953912
2.778432601880878e-05,0.0,-0.002212142249095568,0.0007893641277995369,0.00033121291108716784
2.7806896551724138e-05,0.0,-0.0013801657372627218,0.0010649006688273044,-0.0013870138484752199
2.7829467084639498e-05,0.0,0.00034339929162080605,0.0018481597776584722,-0.0005344497488219633
2.7852037617554857e-05,0.0,-0.0024402469789739324,-0.0003049009520152188,-0.00019253847015360888
2.787460815047022e-05,0.0,-0.0006796197468564986,-0.0008696277952105069,-0.0016920404136729994
2.789717868338558e-05,0.0,0.0006556534093836666,-0.0004642713215426866,-0.0018811279560834542
2.791974921630094e-05,0.0,0.0005883742259332705,0.00022921089003841388,-0.0018918666652453316
2.7942319749216302e-05,0.0,0.0024614403130992727,0.0003411892644192378,-0.0011575862180084045
2.7964890282131662e-05,0.0,0.0022520246160237945,-0.0015462197231820934,0.001028154689552154
2.798746081504702e-05,0.0,0.001981547961274515,-0.0002837974285227458,0.0005002627634984383
2.801003134796238e-05,-0.0,0.002275962621376827,0.0009022559863708944,0.00197173498084465
2.8032601880877744e-05,-0.0,0.0017727109838942285,-0.0005022079130743098,-0.0019932684237140893
2.8055172413793103e-05,-0.0,-0.0018466613241202193,-0.0005572062042040104,-0.00340079842387693
2.8077742946708463e-05,-0.0,0.0002409983616351498,0.00036987512329572425,-0.0015248567428940284
2.8100313479623826e-05,-0.0,-9.978647813585598e-05,-9.237630042909534e-06,0.0006343071906066254
2.8122884012539185e-05,-0.0,0.000994827565545277,0.0008202363717609628,0.0019265900576544567
2.8145454545454545e-05,-0.0,-0.002243754016270181,0.001866554571771045,-0.0017489189385460915
2.8168025078369904e-05,-0.0,-0.0003494363269648577,0.0002677935291967575,0.0005913589976567314
2.8190595611285267e-05,-0.0,-0.0010603304775793454,0.0001264995653952276,0.0011417030438474441
2.8213166144200627e-05,-0.0,-0.0016362486681655488,-0.0004165331488438673,0.0003713968945610114
2.8235736677115986e-05,-0.0,0.00044250721534567355,0.0011702246097277111,-0.0001872028199768513
2.825830721003135e-05,0.0,0.0012638507992207787,0.001961418173572048,0.0013675274283188542
2.828087774294671e-05,0.0,0.00046001934973809156,-0.0004841571513324228,0.0021612351433633863
2.830344827586207e-05,0.0,5.15500332965235e-06,-0.0003039347969804677,0.0003793195187359479
2.8326018808777428e-05,0.0,0.0008346665559649573,0.00045232495660145385,6.624664780483734e-05
2.834858934169279e-05,0.0,-0.0006500415119422935,-0.0011236166241603914,0.0013520234643643817
2.837115987460815e-05,0.0,-0.00048157715400692,0.0009656298334018316,-0.000932017475955967
2.839373040752351e-05,0.0,0.00035243529680117403,0.00016483610950835415,-0.0019888568013768436
2.8416300940438873e-05,0.0,-0.00019528440223423886,-6.040216956962798e-05,9.637714361077272e-05
2.8438871473354232e-05,0.0,0.0014915398916436836,0.001152951770379634,-0.0019173904185626769
2.8461442006269592e-05,0.0,-0.0015345010885686112,0.00030576525846533236,-0.0005601154548127216
2.848401253918495e-05,0.0,-0.00011030570140550461,0.002208792543139751,-0.0007398881609072948
2.8506583072100314e-05,-0.0,-0.00047164035705309055,-0.0003777218566526088,-0.0008967974758208505
2.8529153605015674e-05,-0.0,-0.00018704391217825144,0.0017505200057621165,-0.000473548872279482
2.8551724137931034e-05,-0.0,0.0001710816216050611,0.0019327336635677188,-0.000529847595284956
2.8574294670846397e-05,-0.0,0.00032044698365779427,-0.0005965908896232667,-0.0015059937247393009
2.8596865203761756e-05,-0.0,-0.0007683393760761518,-2.6456848092369273e-05,-0.0007084476990077628
2.8619435736677116e-05,-0.0,-0.0019343406397619614,0.0011340178198949986,-0.0018959909537899695
2.8642006269592475e-05,-0.0,-0.001057169857247172,0.0006620902779932885,0.000638793527630657
2.8664576802507838e-05,-0.0,0.0005189419031157007,0.0025757260832798665,0.001257484494994116
2.8687147335423198e-05,-0.0,-0.0002430450193684204,0.00039631729269598386,0.001242132977889972
2.8709717868338557e-05,-0.0,0.0005039529984112144,0.0006184405432166275,0.0014624454076027252
2.873228840125392e-05,-0.0,0.0012215175561048474,0.0011462231570057802,0.0028602025182873627
2.875485893416928e-05,0.0,0.0024231221531795786,-0.0006751858706019197,0.0007951945526076677
2.877742946708464e-05,0.0,-3.293472064894672e-06,-0.0010996370653618595,0.001294446758181011
2.88e-05,0.0,0.0006039870909211906,0.0006380589072729698,0.000512758931450884
2.882257053291536e-05,0.0,-0.0018859112465921318,0.0031413413795117074,-0.000684520368469103
2.884514106583072e-05,0.0,0.0010447500268536895,-0.0018752869553899487,0.0004082796882010103
2.886771159874608e-05,0.0,0.0007774699267683508,0.0005365903584792063,0.00034655406978194314
2.889028213166144e-05,0.0,-0.00042278876959739255,0.0007737162699347607,-0.00022437693768764466
2.8912852664576803e-05,0.0,0.0011070878759649272,-0.0005881132119211916,-0.00027205492585542746
2.8935423197492163e-05,0.0,0.00018833617636612932,-0.002046560225491872,0.0011584746372718985
2.8957993730407522e-05,0.0,-0.00036588532280447123,0.0011522624344942763,-0.0005310324117471935
2.8980564263322885e-05,0.0,0.0007407992560534097,-0.0021105635850196215,0.0011637033086112883
2.9003134796238245e-05,-0.0,-0.0010646311825998759,-0.00040857601768743416,-0.0018295160879844908
2.9025705329153604e-05,-0.0,0.0001627809194203521,0.000807844575758278,-4.039488789476283e-05
2.9048275862068964e-05,-0.0,0.0002628529690160439,0.0006181524413180062,-0.0012357311567740524
2.9070846394984327e-05,-0.0,0.002222068936764911,-0.0014233259472933542,-0.0012461231150503952
2.9093416927899686e-05,-0.0,0.002026226549720671,-0.0017765612186326598,-0.002517485451511018
2.9115987460815046e-05,-0.0,0.00044698193137908865,-0.0008455474195289009,-0.002028464737930645
2.913855799373041e-05,-0.0,0.0009397166043225211,0.00013625092660989388,0.0002060749438514236
2.916112852664577e-05,-0.0,-0.0015005841276854142,0.0007799230174739404,-0.0019814761722109163
2.9183699059561128e-05,-0.0,0.0002779449444124695,-0.0007415386213602818,-0.0013818515364051628
2.9206269592476487e-05,-0.0,-0.0014904409853883653,-0.0017890650116922716,-0.0002777335597622526
2.922884012539185e-05,-0.0,0.0009109574603194804,0.0007046188374237865,0.00042537737561088116
2.925141065830721e-05,0.0,-0.0007571874748820609,0.000525773592767748,-0.0012133994511361128
2.927398119122257e-05,0.0,0.0016973828821891712,-0.00113873524720489,0.0017298546682248852
2.9296551724137932e-05,0.0,-0.000385800315942977,0.0006134164242538383,0.00020215268515751743
2.9319122257053292e-05,0.0,-0.00024852270715108773,-0.0008682160293924762,0.0009608183226374084
2.934169278996865e-05,0.0,0.0017704108275611986,0.0013016497622023915,0.0010379186594686768
2.936426332288401e-05,0.0,0.002729331955649325,-0.0026144971375274906,0.001500145075757809
2.9386833855799374e-05,0.0,0.0013482907748961054,0.001649025632409703,0.0007218785123862149
2.9409404388714733e-05,0.0,-0.0001588312267607531,0.001357541731994118,-0.0005252625306447775
2.9431974921630093e-05,0.0,0.0004978575577611528,0.0006931341649403831,0.00028647538207109005
2.9454545454545456e-05,0.0,-0.0014045732062809644,-0.0002703635883055872,-0.00019916649076564362
2.9477115987460815e-05,0.0,-0.0014167911968654507,0.0002253460914879623,0.0004797228922411603
2.9499686520376175e-05,0.0,0.0014788760116206184,6.746713780872992e-05,0.0006420664606046572
2.9522257053291535e-05,-0.0,0.0013943534249082233,0.000943787654160527,-0.001281709703603238
2.9544827586206897e-05,-0.0,0.0017107749852185215,-0.0006679571475917747,0.0002738398828396219
2.9567398119122257e-05,-0.0,-0.0016960451266997342,0.0004118617479803337,-0.0004839117336237816
2.9589968652037617e-05,-0.0,-0.0009135158316624242,-0.0015910573379590816,-0.00015367681313475438
2.961253918495298e-05,-0.0,-0.0016208399699756593,0.0004885083449952485,-0.0018684735274537363
2.963510971786834e-05,-0.0,-0.001539954334216693,0.0021426940474735343,-0.0002942919897677878
2.96576802507837e-05,-0.0,0.0004826162394822168,-0.0002492847309324639,-0.0015485455979827737
2.9680250783699058e-05,-0.0,0.001294218463883518,-0.0006135420328214863,-0.00014794976750353095
2.970282131661442e-05,-0.0,-0.00032489526183234727,-0.0003424710336076407,-0.00118108471807246
2.972539184952978e-05,-0.0,0.0013209181959639243,-0.0007738883868027817,-0.0012564495995242106
2.974796238244514e-05,-0.0,0.0003565700559945383,1.4845425357701472e-05,-0.0008936690541351018
2.9770532915360503e-05,0.0,0.00021002518326198962,-1.0813804405027675e-05,0.0028567045300119586
2.9793103448275863e-05,0.0,0.0007345427711831273,0.0017129543215898177,0.0022249587105883624
2.9815673981191222e-05,0.0,-0.0004327471937044699,0.0005368578591264829,-0.0009317456320685363
2.983824451410658e-05,0.0,-0.0018822590572307744,0.00041679126957716415,-0.0009739476718100346
2.9860815047021945e-05,0.0,0.00028654510389509655,0.0007453155726373874,-0.0015461542351903907
2.9883385579937304e-05,0.0,0.0007399133440418439,-0.0003717645296267608,-0.00100218445275546
2.9905956112852664e-05,0.0,0.001559674881424917,0.0011128079441340662,-0.0007755027442683155
2.9928526645768027e-05,0.0,0.0007495565200998904,0.0025778805172084374,8.52163712293081e-06
2.9951097178683386e-05,0.0,0.0017327948140855875,-0.0007886464532849995,0.0009562803688261176
2.9973667711598746e-05,0.0,-0.00011249772334329287,0.0014930385131565907,-1.3283596063319521e-05
2.9996238244514105e-05,0.0,-0.00034608653706171667,-0.000973270406256859,0.0016797129961654408
3.0018808777429468e-05,-0.0,-0.00106033898453973,0.0011136316589844882,-0.00037118613801326035
3.0041379310344828e-05,-0.0,0.00010288834102149566,0.0003463979800665667,-0.0007849705235300116
3.0063949843260187e-05,-0.0,-0.0002491957882785202,-0.0008140167854025443,-0.0013975344564096646
3.008652037617555e-05,-0.0,-1.9184515388331172e-05,-0.0007673237316494226,0.00047678918670535526
3.010909090909091e-05,-0.0,-0.0015262029868700739,0.0006755935321439339,0.000196264571563256
3.013166144200627e-05,-0.0,-0.0008530538871962821,-0.00015734686375855006,-0.0014631630777783013
3.015423197492163e-05,-0.0,-0.00029653422091462827,-0.0005811758030338043,-0.0007084410853237442
3.0176802507836992e-05,-0.0,0.0005331937071211016,0.001913938560071519,0.0002853546941950595
3.019937304075235e-05,-0.0,0.00121369098686493,0.0008476723309528454,0.0004731873900321435
3.022194357366771e-05,-0.0,0.0024454469382376998,5.829469952230806e-05,-9.50840040643268e-05
3.024451410658307e-05,-0.0,-0.00032717208533850566,-0.001030286016894121,-0.00015135100404362417
3.0267084639498433e-05,0.0,-0.0005706716026132301,-0.0009174703683905771,-0.0012698411832968142
3.0289655172413793e-05,0.0,-0.000838732401950029,-0.000455341455077944,-0.001000967788503396
3.0312225705329152e-05,0.0,0.0014185458614314262,-0.0009176288220366769,0.002229536740259622
3.0334796238244515e-05,0.0,-0.00015750461449569634,-0.001434983436422627,-0.00041949401739967883
3.0357366771159875e-05,0.0,-0.0010510929863547297,0.001607783844226048,0.00028893584924088333
3.0379937304075234e-05,0.0,0.0009501660046130499,0.0005469132615331964,0.0015469527102309716
3.0402507836990594e-05,0.0,-0.0007552740234575222,0.0020886664194679646,-0.0001426761102681713
3.0425078369905957e-05,0.0,0.0002755577976460987,-0.0005038779599025372,-0.0013784215031587732
3.0447648902821316e-05,0.0,0.0015832386522075272,0.0020445174937580644,-0.00021768472922464212
3.0470219435736676e-05,0.0,0.00024766403717888934,0.0005617310996023544,-0.000936607269137793
3.049278996865204e-05,0.0,-0.0003693225040487052,0.0008559367298426571,-0.00208338264352869
3.05153605015674e-05,-0.0,0.0017888592446966994,0.00020075624416847254,0.0011751160316741532
3.053793103448276e-05,-0.0,0.001254382276770066,0.0027240865782146182,0.0019037804165222964
3.056050156739812e-05,-0.0,0.003057590080794947,0.0023886392146944733,-0.000735425946850785
3.058307210031348e-05,-0.0,0.0022533798657530133,0.00026939397056087504,0.0004252508377726532
3.060564263322884e-05,-0.0,-0.0017883427234176182,0.001161085829117803,0.0001115202071957726
3.06282131661442e-05,-0.0,-0.0006489542778021306,0.001281495029154715,-0.0009844146306003574
3.065078369905956e-05,-0.0,-0.0016785213228721501,-0.0008474636198484318,0.0011845153320929926
3.067335423197492e-05,-0.0,-0.0008853354428548764,-0.0019760830411504017,-0.0003764870826534196
3.0695924764890285e-05,-0.0,-0.0003096516354730697,0.001843242570567195,-0.002058662042350583
3.0718495297805644e-05,-0.0,0.0012119817129857347,-0.000650246664131461,0.002052038475947696
3.0741065830721004e-05,-0.0,-0.0016466018433347956,0.0010030591295123357,-0.0009709405975682453
3.0763636363636364e-05,0.0,-0.001365111119981546,-0.0018275917021070695,0.0012031513692156986
3.078620689655172e-05,0.0,-0.0021609987471513208,0.001462825588460618,-0.0014956350198613642
3.080877742946708e-05,0.0,0.0009005508459314201,-0.000881061431843955,0.001562406837989257
3.083134796238244e-05,0.0,0.0003768980984726479,0.0018296249565431212,-0.0019798113059578933
3.085391849529781e-05,0.0,0.00010851993922485346,-0.00017166641545396144,0.00043801430867149876
3.087648902821317e-05,0.0,-0.0011049872895912694,-0.00022948529191599884,-1.6433972843846317e-05
3.089905956112853e-05,0.0,-0.0003128420509096602,0.003304854980108935,-0.00018912570757079395
3.092163009404389e-05,0.0,-0.0013927999389240662,-0.0009943175910225096,3.722877553556272e-05
3.094420062695925e-05,0.0,-0.0016212720827300609,-0.0012698133647681673,-0.00029894729685981227
3.0966771159874606e-05,0.0,0.0013372919940391327,0.0003994816068613723,0.0009253285662693045
3.0989341692789966e-05,0.0,0.0010309734242383323,0.00013329531455995164,-0.002117705904421134
3.101191222570533e-05,-0.0,-0.000590783136365996,-0.0005334803709805481,0.0010393283899873492
3.103448275862069e-05,-0.0,-0.002076152262602802,0.00011952961932103384,-3.679096278081729e-06
3.105705329153605e-05,-0.0,-0.000883981306038752,-0.00020301815137036482,-0.000836385613042373
3.107962382445141e-05,-0.0,0.0002966320864453739,-0.0012956806817201198,-7.788060852219477e-05
3.110219435736677e-05,-0.0,0.00012947776535127798,-2.9123372703419212e-05,-0.0003136753358734184
3.112476489028213e-05,-0.0,-0.0020706202128671497,0.0012060050275657555,-0.0011825957423272386
3.114733542319749e-05,-0.0,1.8346171445100497e-05,0.00048772430289654214,0.0006972604598393274
3.1169905956112856e-05,-0.0,-0.001460477095760124,-0.0008193467309417557,-0.0010866247900887583
3.1192476489028215e-05,-0.0,0.0020044993766983165,-0.0005068216288544831,0.0008811309120262036
3.1215047021943575e-05,-0.0,-0.00021965544865618872,0.0020206569745270177,0.0007978022450959446
3.1237617554858934e-05,-0.0,-0.0006729200671500631,-0.001340661574328768,-5.921445141495493e-05
3.1260188087774294e-05,0.0,0.001936193387373129,0.000304715381534518,0.0003062733369202625
3.128275862068965e-05,0.0,-0.0015502606862975716,-0.0008723143595223125,-0.002919896287231177
3.130532915360501e-05,0.0,0.0009132808287571447,-0.00020989333226796114,-0.0017495687707806832
3.132789968652038e-05,0.0,-0.0015167647446768418,0.0021546615892334515,4.42787488256403e-05
3.135047021943574e-05,0.0,-0.0023384681616772374,-0.0004431866784934629,-0.000574384209402719
3.13730407523511e-05,0.0,0.0006366089615661001,-0.0016474536574539252,0.00019363974044178965
3.139561128526646e-05,0.0,-0.0022364440365242625,-0.0005218870063992677,0.0012324969550408782
3.141818181818182e-05,0.0,-0.0005315112416142641,0.0006495218685369456,-0.0003807552342795812
3.144075235109718e-05,0.0,-0.0006354357342852882,9.782298770987573e-05,0.0007410425521032094
3.1463322884012536e-05,0.0,-0.0005798956268442219,-4.040010977997572e-05,-3.271196361114893e-05
3.14858934169279e-05,0.0,-0.0015501560269961835,-0.0014747251178835897,0.0002348439475453926
3.150846394984326e-05,-0.0,0.0012603926178279335,-0.0018779072137594585,-0.001157987702422651
3.153103448275862e-05,-0.0,-0.0013063152413870123,0.0019436574547516557,-0.001671789725792296
3.155360501567398e-05,-0.0,-0.0012814628950373879,-0.0004573368699158265,-0.0008874715290257684
3.157617554858934e-05,-0.0,-0.0004513538652008083,-0.0003977828138614863,0.000291756807973573
